text,intent
i have a question about change my username,question
world-class service,praise
i need help with set a new password,question
magnificent resolution,praise
can you help me with change email address,question
dropping a note to say agent was extremely helpful,praise
how do i use the command palette,question
fantastic support,praise
absolutely world-class service,praise
performance is vastly improved in this release,praise
truly top-notch team,praise
can you help me with login is not working,question
looking for help with need to reset my password,question
cannot help but mention that support was quick to respond,praise
how do i import a csv file,question
looking for help with view my invoice,question
the billing page keeps crashing on me,complaint
i need help with trouble signing in,question
i am having serious issues with the export feature,complaint
i am angry because everything is down,complaint
hey rockstar,greeting
how do i export contacts,question
thrilled to share that immediate help was provided,praise
absolutely exceptional response,praise
thrilled to share that outstanding customer support,praise
truly phenomenal response,praise
what a outstanding team,praise
this is hands down the best tool in its category,praise
i need help with when will my order arrive,question
can you help me with the return policy,question
absolutely exceptional resolution,praise
please help me understand exchange a product,question
huge improvement from the previous version,praise
truly outstanding service,praise
delighted to say that very helpful team,praise
i am having serious issues with the integration,complaint
heartfelt greeting,greeting
the onboarding flow is giving me errors constantly,complaint
could you explain edit my profile,question
evening there,greeting
perfect platform,praise
what a extraordinary product,praise
what a top-notch service,praise
absolutely splendid platform,praise
i am having serious issues with the mobile app,complaint
could you explain my order,question
can i restore a previous version,question
absolutely remarkable resolution,praise
absolutely outstanding service,praise
please help me understand do you offer a free trial,question
what a flawless service,praise
i have a question about recover my password,question
hi friend,greeting
yo today,greeting
absolutely remarkable response,praise
hi there good morning,greeting
what a remarkable platform,praise
truly superb platform,praise
top-notch team,praise
how to change email address,question
what a stellar support,praise
truly stellar platform,praise
writing in to compliment great service,praise
absolutely impressive product,praise
absolutely remarkable support,praise
how do i schedule something,question
is there a way to pause my subscription,question
reaching out specifically to say wonderful service,praise
i need help with cannot remember my password,question
truly phenomenal experience,praise
absolutely phenomenal service,praise
need some guidance on remove a payment method,question
looking for help with update my password,question
i cannot believe that the app is unavailable,complaint
need some guidance on change shipping address,question
is there a way to login page is not loading,question
absolutely top-notch resolution,praise
what a exceptional product,praise
where are the account settings,question
truly extraordinary response,praise
your documentation is outdated and incorrect,complaint
the audit logs is extremely slow and unusable,complaint
ciao there,greeting
my account was hacked,complaint
compelled to share that very knowledgeable staff,praise
cannot remember my password,question
offered a credit to compensate for the inconvenience,praise
what a fantastic support,praise
is there a way to change shipping address,question
shoutout to the agent for the excellent work,praise
what a first-class product,praise
please help me understand what happens after the trial ends,question
do you offer a free trial,question
warmest hiya,greeting
i am having serious issues with the calendar integration,complaint
once again having trouble with service is completely broken,complaint
please help me understand get a refund,question
it is unacceptable that videos are buffering non stop,complaint
compelled to share that support was quick to respond,praise
is there a way to exchange a product,question
truly remarkable experience,praise
what a wonderful response,praise
account has been suspended without reason,complaint
my feature request was actually implemented in the next release,praise
where are my files,question
how do i create an email campaign,question
warm greetings,greeting
wanted to give a shoutout for very helpful team,praise
absolutely incredible platform,praise
wanted to give a shoutout for great service,praise
absolutely amazing resolution,praise
please help me understand where are the account settings,question
hey guys,greeting
the calendar integration is giving me errors constantly,complaint
happy to report that agent was extremely helpful,praise
refund my money immediately,complaint
the email integration keeps crashing on me,complaint
absolutely brilliant support,praise
can you help me with cancel an order,question
how do i connect to google drive,question
i am deeply disappointed that pages are taking forever to load,complaint
i am frustrated because the website is not loading,complaint
the reporting tool is completely broken,complaint
still experiencing the issue with file upload is extremely slow,complaint
hello good evening,greeting
hey sir,greeting
hello all,greeting
i wanted to let you know super fast response time,praise
what a amazing platform,praise
looking for help with report a missing item,question
there is a critical bug in the notifications,complaint
just a good morning,greeting
switched to this and never looked back,praise
how to update my password,question
impeccable service,praise
i am frustrated because it keeps timing out,complaint
the data export is not loading properly,complaint
wonderful response,praise
i was wondering about cancel my subscription,question
could you explain change my password,question
rise and shine,greeting
how to merge two accounts,question
could you explain reset password,question
i wanted to let you know fastest support i have ever experienced,praise
the export feature is giving me errors constantly,complaint
i need help with login page is not loading,question
please help me understand view my invoice,question
how do i access my old invoices,question
the automation feature stopped working after the last update,complaint
looking for help with login is not working,question
what a perfect resolution,praise
what a world-class experience,praise
i am frustrated because getting a 500 error,complaint
splendid response,praise
absolutely first-class team,praise
looking for help with login page is not loading,question
i hate how complicated everything is,complaint
what a flawless experience,praise
truly impressive service,praise
cannot help but mention that solved my problem completely,praise
how to view my invoice,question
the reporting tool is not loading properly,complaint
do you offer phone support,question
what a wonderful support,praise
good morning all,greeting
exceptional response,praise
what a phenomenal service,praise
can i pay by bank transfer,question
still experiencing the issue with your servers are down,complaint
good to be back,greeting
i am frustrated because getting a 404 error,complaint
good evening madam,greeting
this product does not do what was advertised,complaint
the mobile app is completely broken,complaint
incredible support,praise
gave clear and detailed instructions,praise
truly excellent platform,praise
what a extraordinary resolution,praise
ciao again,greeting
i am deeply disappointed that service is completely broken,complaint
i was wondering about downgrade my plan,question
the account settings is not loading properly,complaint
hi reaching out for the first time today,greeting
good evening everyone,greeting
good morning agent,greeting
can i use my own custom domain,question
what a magnificent team,praise
what a magnificent experience,praise
where can i see audit logs,question
i need help with how does billing work,question
wanted to give a shoutout for response was almost instant,praise
reaching out specifically to say went above and beyond for me,praise
absolutely great platform,praise
hello to the whole support team,greeting
the import function is giving me errors constantly,complaint
refund has not been processed,complaint
dropping a note to say very knowledgeable staff,praise
hi guys,greeting
dropping by to say a friendly hello,greeting
pleased to be in touch today,greeting
this is terrible,complaint
hi buddy,greeting
truly world-class service,praise
there is a critical bug in the email integration,complaint
happy to report that no waiting time at all,praise
how do i use filters,question
can you help me with sign in,question
greetings hope you can assist me,greeting
how are things today,greeting
how do i set up automated reports,question
looking for help with the return policy,question
hey looking forward to chatting with you,greeting
good evening team,greeting
i was wondering about change profile picture,question
the download feature is not loading properly,complaint
please help me understand change my password,question
the technical support team is world class,praise
can you help me with do you offer a free trial,question
how to get a refund,question
warmest howdy,greeting
what a excellent service,praise
truly splendid team,praise
how do i import contacts,question
need some guidance on downgrade my plan,question
the backup system is giving me errors constantly,complaint
what a brilliant team,praise
good evening customer service,greeting
too many bugs in this software,complaint
hello champ,greeting
there is a critical bug in the billing page,complaint
what a first-class team,praise
looking for help with cancel an order,question
truly incredible response,praise
could you explain view account details,question
magnificent response,praise
looking for help with change shipping address,question
absolutely first-class response,praise
i was wondering about report a missing item,question
truly magnificent experience,praise
why is it that pages are taking forever to load,complaint
backup failed repeatedly,complaint
wanted to give a shoutout for amazing product,praise
impressive product,praise
extraordinary support,praise
terrific product,praise
fantastic work,praise
absolutely excellent product,praise
morning there,greeting
just wanted to say super fast response time,praise
the role permissions has been broken for days,complaint
is there a way to forgot my password,question
what a outstanding resolution,praise
transparent communication about any downtime and issues,praise
what a terrific team,praise
can you help me with change my credit card,question
good morning hope today is a great day for you,greeting
the integration is not loading properly,complaint
terrific service,praise
i have a question about trouble signing in,question
wanted to give a shoutout for outstanding customer support,praise
the search feature stopped working after the last update,complaint
notifications are not working,complaint
good afternoon sir,greeting
absolutely extraordinary experience,praise
how to transfer account ownership,question
online greetings,greeting
hope you are doing well,greeting
10 out of 10 would strongly recommend,praise
please help me understand report a missing item,question
truly outstanding resolution,praise
absolutely phenomenal response,praise
important files are missing,complaint
wanted to reach out and say hi,greeting
how to assign a task to a team member,question
how are things hope you are well,greeting
how do i automate repetitive tasks,question
fixed the issue on the backend without me having to do anything,praise
i was wondering about remove a payment method,question
a quick afternoon,greeting
pleased to meet you,greeting
absolutely magnificent resolution,praise
how do i log time manually,question
had to reach out and say wonderful service,praise
truly first-class response,praise
new user needing help getting set up,question
hi how have you been lately,greeting
hey dear,greeting
hello hero,greeting
i wanted to let you know support was quick to respond,praise
truly perfect team,praise
what a flawless resolution,praise
how to set up auto renewal,question
exactly what i needed,praise
i need help with upgrade my plan,question
i need help with login is not working,question
how do i set task dependencies,question
hello wizard,greeting
i cannot believe that file upload is extremely slow,complaint
truly impeccable team,praise
absolutely first-class platform,praise
welcome hello,greeting
absolutely excellent experience,praise
need some guidance on return an item,question
good afternoon i hope you are having a great day,greeting
remarkable response,praise
truly flawless platform,praise
incredible service,praise
just a good afternoon,greeting
how do i create contact segments,question
i am angry because the website is not loading,complaint
truly wonderful response,praise
i was wondering about do you offer a free trial,question
the audit logs stopped working after the last update,complaint
hello again,greeting
phenomenal team,praise
the login page stopped working after the last update,complaint
what a impressive product,praise
i keep getting error messages,complaint
i am frustrated because file upload is extremely slow,complaint
the automation feature has been broken for days,complaint
stellar response,praise
compelled to share that super fast response time,praise
truly impressive product,praise
i am frustrated because everything is down,complaint
happy to report that solved my problem completely,praise
truly magnificent platform,praise
the login page has been broken for days,complaint
delighted to say that excellent support,praise
do you offer non profit discounts,question
could you explain update my password,question
cannot use the data export at all right now,complaint
i am frustrated because the site is lagging badly,complaint
how do i summarize column data,question
truly flawless support,praise
truly brilliant support,praise
hi glad to be here today,greeting
can you help me with the pricing,question
the account settings is giving me errors constantly,complaint
good evening i hope your day went well,greeting
hi folks,greeting
what a splendid team,praise
can you help me with having trouble logging in,question
everything is where you expect it to be,praise
warmest good day,greeting
i am deeply disappointed that your service is down,complaint
what a extraordinary platform,praise
why is it that the website is not loading,complaint
is there a way to download my invoice,question
immediate help was provided,praise
hey there welcome,greeting
hello support,greeting
thrilled to share that remarkable experience,praise
excellent service,praise
could you explain see my bill,question
i am really upset that i cannot access the platform,complaint
i have a question about reset password,question
need some guidance on the profile page,question
warmest hi,greeting
forgot my password,question
i cannot believe that it keeps timing out,complaint
hey again,greeting
i was wondering about upgrade my plan,question
hiya again,greeting
how to get a product demo,question
truly great resolution,praise
i need help with having trouble logging in,question
can you help me with forgot my password,question
perfect product,praise
i have a question about get into my account,question
good afternoon help desk,greeting
just a quick hello before my question,greeting
could not be happier with the service received,praise
hey new here and just saying hello,greeting
nice to meet you,greeting
i am at my wit end with this issue,complaint
hello contacting you for the very first time,greeting
energetic hi,greeting
what analytics are available,question
my account is locked and i cannot get in,complaint
could you explain download my invoice,question
once again having trouble with the application is very slow,complaint
what a excellent team,praise
absolutely terrific team,praise
absolutely impeccable platform,praise
aloha,greeting
yo again,greeting
absolutely top-notch platform,praise
i was wondering about reset password,question
quick question: how to cancel my subscription,question
genuine hello,greeting
good evening friend,greeting
what a terrific product,praise
truly fantastic team,praise
how do i submit a gdpr data request,question
i am deeply disappointed that the application is very slow,complaint
data is not saving properly,complaint
writing in to compliment remarkable experience,praise
cannot help but mention that resolved my issue instantly,praise
is there a way to see my bill,question
thanks for going the extra mile,praise
how to set up two factor authentication,question
looking for help with change profile picture,question
truly exceptional support,praise
truly world-class experience,praise
truly great service,praise
why is it that i cannot access the platform,complaint
how do i link tasks together,question
happy to report that awesome experience,praise
superb team,praise
where are the settings,question
i was wondering about get a refund,question
how do i share access with my team,question
absolutely terrific service,praise
absolutely brilliant experience,praise
wonderful service,praise
how to exchange a product,question
compelled to share that impressive platform,praise
can you help me with what payment methods are accepted,question
file upload is extremely slow,complaint
how to check ticket status,question
friendly bonjour,greeting
need some guidance on get into my account,question
is there a way to update my name,question
wanted to give a shoutout for agent was extremely helpful,praise
stellar service,praise
absolutely fantastic team,praise
i was wondering about the profile page,question
getting a 500 error,complaint
hey there great to connect today,greeting
quick question: when will i be billed,question
how to mute notifications for a project,question
third follow up email with absolutely no reply,complaint
i need help with update my profile,question
top-notch resolution,praise
hey friend,greeting
bonjour,greeting
the onboarding flow keeps crashing on me,complaint
absolutely stellar support,praise
how do i set up form notifications,question
happy to report that fantastic work,praise
warm hello,greeting
splendid team,praise
i wanted to let you know incredible team,praise
is there a way to change profile picture,question
the changelog always brings useful improvements,praise
what a flawless platform,praise
i cannot believe that getting a 404 error,complaint
truly incredible team,praise
truly remarkable team,praise
writing in to compliment amazing product,praise
i cannot believe that the system is not responding,complaint
i have a question about need to reset my password,question
i have a question about update my password,question
the download feature has been broken for days,complaint
writing in to compliment awesome experience,praise
good to connect with you again today,greeting
truly wonderful product,praise
cheerio,greeting
i wanted to let you know no waiting time at all,praise
good morning folks,greeting
what a wonderful platform,praise
cannot help but mention that exceptional service,praise
is there a way to when will i be billed,question
the scheduled reports has been broken for days,complaint
i am frustrated because service is completely broken,complaint
please help me understand apply a promo code,question
i wanted to let you know wonderful service,praise
shalom from a global user,greeting
i am deeply disappointed that getting a 500 error,complaint
the calendar integration is completely broken,complaint
i keep experiencing problems with service is completely broken,complaint
how to unsubscribe from emails,question
how to enable single sign on,question
truly terrific experience,praise
wanted to take a moment to praise wonderful service,praise
how quickly do you respond to tickets,question
hey manager,greeting
how do i set up drip campaigns,question
happy to report that got an answer within minutes,praise
is there a way to get into my account,question
brilliant experience,praise
truly splendid product,praise
what a exceptional platform,praise
reaching out specifically to say immediate help was provided,praise
just wanted to say agent was extremely helpful,praise
quick question: need to reset my password,question
looking for help with the pricing,question
truly top-notch resolution,praise
this is the worst experience i have had,complaint
what a great support,praise
absolutely fantastic platform,praise
how to open a support ticket,question
explained everything clearly and patiently,praise
just a hola,greeting
wanted to give a shoutout for brilliant product,praise
dropping a note to say fastest support i have ever experienced,praise
warmest hey,greeting
could you explain the pricing,question
your service is bad,complaint
hey there,greeting
the audit logs is completely broken,complaint
i hope you are having a wonderful day,greeting
what a wonderful resolution,praise
hey mate,greeting
hello loyal customer here,greeting
account was deleted without my permission,complaint
i need help with pause my subscription,question
any update on my issue would be greatly appreciated,complaint
delighted to say that went above and beyond for me,praise
it is unacceptable that the application is very slow,complaint
cannot use the reporting tool at all right now,complaint
i have a question about do you offer a free trial,question
the user management stopped working after the last update,complaint
hello and warm wishes to you,greeting
looking for help with trouble signing in,question
quick question: how to apply a promo code,question
what a terrific service,praise
hey legend,greeting
i need help with change my credit card,question
the support team is completely useless,complaint
top of the morning to you,greeting
what a phenomenal product,praise
wanted to give a shoutout for very knowledgeable staff,praise
please help me understand upgrade my plan,question
compelled to share that fastest support i have ever experienced,praise
what a excellent product,praise
cannot use the onboarding flow at all right now,complaint
remarkable platform,praise
what a amazing team,praise
thrilled to share that impressive platform,praise
absolutely first-class experience,praise
i have a question about remove a payment method,question
absolutely impeccable service,praise
reaching out specifically to say impressive platform,praise
wanted to take a moment to praise lightning fast support,praise
can you help me with return an item,question
massive appreciation for the entire team,praise
i cannot believe that getting a 500 error,complaint
i am angry because response times are terrible,complaint
magnificent service,praise
i am genuinely impressed with everything about this product,praise
how to manage trusted devices,question
there is a critical bug in the export feature,complaint
i am deeply disappointed that your servers are down,complaint
gave me a discount for being a loyal customer,praise
resolved in record time,praise
it is unacceptable that the website is not loading,complaint
good afternoon star,greeting
thrilled to share that exceptional service,praise
wonderful experience,praise
why is it that the system is not responding,complaint
i was wondering about switch plans,question
my settings keep resetting,complaint
the login page is extremely slow and unusable,complaint
quick question: how to downgrade my plan,question
for the third time now the app is unavailable,complaint
the site is lagging badly,complaint
looking for help with remove a payment method,question
delighted to say that brilliant product,praise
i am angry because the site is lagging badly,complaint
truly terrific support,praise
happy hello,greeting
just wanted to say remarkable experience,praise
how do i share a form publicly,question
the mobile app is not loading properly,complaint
how to return an item,question
truly splendid platform,praise
where can i find tutorials,question
wanted to take a moment to praise resolved in record time,praise
please help me understand login page is not loading,question
how do i add a custom email domain,question
i need help with access my account,question
for the third time now response times are terrible,complaint
extraordinary response,praise
impressive response,praise
i keep experiencing problems with i cannot access the platform,complaint
i am having serious issues with the data export,complaint
a quick bonjour,greeting
extraordinary service,praise
how do i group by a field,question
truly remarkable response,praise
for the third time now your service is down,complaint
brilliant product,praise
absolutely impeccable product,praise
i have a question about password reset not working,question
i keep experiencing problems with the app keeps crashing,complaint
sup friend,greeting
how do i hide my profile from search,question
the app is freezing constantly,complaint
hey this is my first time using support,greeting
will my account be suspended if payment fails,question
wanted to take a moment to praise impressive platform,praise
the dashboard is not loading properly,complaint
had to reach out and say magnificent support,praise
thrilled to share that incredible team,praise
absolutely amazing platform,praise
compelled to share that wonderful service,praise
truly superb experience,praise
truly excellent team,praise
hello mate,greeting
still experiencing the issue with videos are buffering non stop,complaint
casual hi,greeting
delighted to say that lightning fast support,praise
the calendar integration keeps crashing on me,complaint
absolutely phenomenal resolution,praise
the file upload is giving me errors constantly,complaint
hey good to see you online,greeting
what a splendid service,praise
the dashboard is giving me errors constantly,complaint
kind greetings,greeting
just a morning,greeting
could you explain report a missing item,question
i need help with where are the account settings,question
happy to report that went above and beyond for me,praise
perfect team,praise
told it was fixed but the issue still persists,complaint
cannot help but mention that fastest support i have ever experienced,praise
how do i map columns during csv import,question
ciao from an italian speaking user,greeting
i wanted to let you know impressive platform,praise
is there a way to cancel an order,question
is there a way to the return policy,question
looking for help with having trouble logging in,question
truly top-notch support,praise
had to reach out and say response was almost instant,praise
truly exceptional resolution,praise
i keep experiencing problems with your service is down,complaint
the notifications is extremely slow and unusable,complaint
please help me understand what payment methods are accepted,question
this is a terrible user experience,complaint
payment failed again and again,complaint
namaste today,greeting
the community forum is active and incredibly helpful,praise
absolutely amazing team,praise
can i import data from another tool,question
absolutely excellent response,praise
yo,greeting
wanted to give a shoutout for top notch quality,praise
thrilled to have joined and wanted to say hi,greeting
top notch quality,praise
there is a critical bug in the integration,complaint
how to upgrade my plan,question
perfect resolution,praise
are there video guides available,question
cannot use the dashboard at all right now,complaint
what is the return policy,question
automated bot cannot understand my issue,complaint
i was wondering about login,question
absolutely top-notch service,praise
still experiencing the issue with the site is lagging badly,complaint
i need help with return an item,question
for the third time now getting a 500 error,complaint
the calendar integration is not loading properly,complaint
need to reset my password,question
had to reach out and say agent was extremely helpful,praise
absolutely incredible product,praise
hello representative,greeting
the download feature is completely broken,complaint
how do i handle bounced emails,question
what a brilliant service,praise
great platform,praise
flawless service,praise
looking for help with add a payment method,question
looking for help with included in the pro plan,question
worst support experience of my life,complaint
wanted to give a shoutout for resolved my issue instantly,praise
writing in to compliment incredible team,praise
hey there how is your day going,greeting
the export feature is completely broken,complaint
i have a question about add a payment method,question
reaching out specifically to say superb platform,praise
hi customer service,greeting
how are you today,greeting
cannot help but mention that response was almost instant,praise
delighted to say that wonderful service,praise
just wanted to say resolved in record time,praise
what a splendid experience,praise
absolutely extraordinary support,praise
truly exceptional experience,praise
cannot help but mention that wonderful service,praise
how do i resize the sidebar,question
shalom,greeting
there is a critical bug in the search feature,complaint
how to link my google account,question
i keep getting bounced between agents,complaint
absolutely splendid resolution,praise
how to pause my subscription,question
just need confirmation someone is looking at this issue,complaint
taking a moment to share that agent was extremely helpful,praise
truly perfect experience,praise
i am deeply disappointed that videos are buffering non stop,complaint
how do i move a deal through the pipeline,question
login keeps failing every single time,complaint
namaste,greeting
what a superb service,praise
had to reach out and say incredible team,praise
absolutely fantastic experience,praise
compelled to share that brilliant product,praise
there is a critical bug in the import function,complaint
thrilled to share that awesome experience,praise
the integration stopped working after the last update,complaint
i am having serious issues with the download feature,complaint
the data export stopped working after the last update,complaint
absolutely brilliant response,praise
i cannot believe that response times are terrible,complaint
just a namaste,greeting
team collaboration features are exactly what we needed,praise
please help me understand edit my profile,question
still experiencing the issue with everything is down,complaint
how to access my account,question
i need help with download my invoice,question
absolutely perfect response,praise
my documents are not syncing,complaint
truly great team,praise
is there a way to cannot remember my password,question
i am going to leave a negative review everywhere,complaint
hi legend,greeting
compelled to share that exceptional service,praise
quick question: trouble signing in,question
product works flawlessly,praise
compelled to share that awesome experience,praise
taking a moment to share that amazing product,praise
cannot use the audit logs at all right now,complaint
absolutely fantastic resolution,praise
fantastic product,praise
merhaba,greeting
the form submission fails every time,complaint
please help me understand the pricing,question
invoice has incorrect information,complaint
just wanted to say magnificent support,praise
could you explain login page is not loading,question
i was wondering about password reset not working,question
i am frustrated beyond belief,complaint
truly top-notch platform,praise
quick question: how to pause my subscription,question
delighted to say that very knowledgeable staff,praise
could you explain check delivery status,question
truly impressive team,praise
please help me understand see my bill,question
hiya today,greeting
good morning today,greeting
had to reach out and say fastest support i have ever experienced,praise
looking for help with cancel my subscription,question
giving a five star review for sure,praise
writing in to compliment went above and beyond for me,praise
superb resolution,praise
hello buddy,greeting
greetings from a loyal user,greeting
what a impressive experience,praise
how to create a project,question
the admin panel has been broken for days,complaint
quick question: how to get a refund,question
i have a question about update personal information,question
there is a critical bug in the mobile app,complaint
how do i create a deal in the crm,question
hope you are keeping well,greeting
truly first-class team,praise
i am angry because the system is not responding,complaint
the sync feature is giving me errors constantly,complaint
absolutely impressive service,praise
how do i export form responses,question
why is it that the application is very slow,complaint
unauthorized access to my account,complaint
salutations from an excited new member,greeting
truly excellent response,praise
truly terrific service,praise
hi from a happy user,greeting
remarkable team,praise
top-notch product,praise
hi sir,greeting
i need help with edit my profile,question
the two factor authentication is completely broken,complaint
i was wondering about see my bill,question
need some guidance on change profile picture,question
once again having trouble with your service is down,complaint
need some guidance on cannot remember my password,question
absolutely phenomenal support,praise
fantastic service,praise
please help me understand change email address,question
how do i merge duplicate contacts,question
why is it that it keeps timing out,complaint
absolutely excellent team,praise
what a brilliant product,praise
truly outstanding response,praise
the billing page has been broken for days,complaint
i have a question about having trouble logging in,question
truly phenomenal platform,praise
it seems like no one cares about this problem,complaint
i was wondering about get into my account,question
truly superb team,praise
compelled to share that incredible team,praise
perfect service,praise
absolutely splendid product,praise
when will i be billed,question
reaching out specifically to say excellent support,praise
what a perfect response,praise
how do i set quiet hours for notifications,question
hello hope you had a restful weekend,greeting
still experiencing the issue with your service is down,complaint
absolutely magnificent platform,praise
dropping a note to say top notch quality,praise
i have a question about upgrade my plan,question
what a amazing support,praise
reaching out specifically to say fantastic work,praise
the file upload is not loading properly,complaint
hello first time poster here just saying hi,greeting
i wanted to let you know lightning fast support,praise
getting a 404 error,complaint
truly brilliant service,praise
hi again,greeting
i need help with change shipping address,question
how is your week,greeting
thrilled to share that resolved my issue instantly,praise
hey folks how is everyone doing,greeting
please help me understand how long is the free trial,question
thank you so much for the help,praise
what a top-notch product,praise
truly amazing team,praise
truly impeccable response,praise
absolutely outstanding platform,praise
can you help me with get a refund,question
what is included in the enterprise plan,question
i need help with add a payment method,question
how to delete my account,question
good afternoon advisor,greeting
the account settings keeps crashing on me,complaint
hi there a pleasure to chat with you today,greeting
taking a moment to share that magnificent support,praise
could you explain when will i be billed,question
dropping a note to say wonderful service,praise
splendid support,praise
please help me understand when will my order arrive,question
the audit logs is giving me errors constantly,complaint
can you help me with login,question
delighted to chat with you,greeting
wanted to give a shoutout for lightning fast support,praise
love how the team keeps improving the product,praise
how do i configure my workspace,question
integration setup was quick with excellent documentation provided,praise
had to reach out and say brilliant product,praise
friendly evening,greeting
i have a question about view account details,question
good evening folks,greeting
wanted to give a shoutout for fastest support i have ever experienced,praise
can you help me with downgrade my plan,question
outstanding product,praise
absolutely world-class support,praise
it is unacceptable that file upload is extremely slow,complaint
absolutely brilliant team,praise
how do i preview an email before sending,question
heya,greeting
what a incredible response,praise
hello just dropping by to say hi,greeting
reaching out specifically to say outstanding customer support,praise
the account settings is extremely slow and unusable,complaint
absolutely great experience,praise
looking for help with i cannot log in,question
heeey,greeting
first-class resolution,praise
how do i track progress,question
hi there welcome,greeting
setup was a breeze,praise
i requested a refund weeks ago,complaint
just a greetings,greeting
wanted to give a shoutout for superb platform,praise
absolutely impressive platform,praise
dark mode is a very nice touch,praise
need some guidance on set a new password,question
wanted to give a shoutout for exceptional service,praise
how do i create a quote or proposal,question
just wanted to say support was quick to respond,praise
taking a moment to share that fastest support i have ever experienced,praise
explained the root cause clearly so i could understand,praise
i am deeply disappointed that the app is freezing constantly,complaint
wanted to take a moment to praise outstanding customer support,praise
impressive platform,praise
wonderful team,praise
hi hero,greeting
good afternoon,greeting
i am really upset that the app is unavailable,complaint
truly phenomenal resolution,praise
please help me understand change my credit card,question
how do i reference another field in a formula,question
a quick yo,greeting
could you explain need to reset my password,question
what a impressive team,praise
hey help desk,greeting
truly excellent resolution,praise
truly wonderful experience,praise
heya today,greeting
had to reach out and say outstanding customer support,praise
hello rockstar,greeting
there is a critical bug in the account settings,complaint
i am having serious issues with the notifications,complaint
i am frustrated because videos are buffering non stop,complaint
how to download my personal data,question
please help me understand need to reset my password,question
how do i view the revision history,question
i was wondering about check delivery status,question
good morning,greeting
what integrations are available,question
quick question: how to change my credit card,question
hi agent,greeting
quick question: login is not working,question
morning today,greeting
ciao,greeting
how do i set up my team workspace,question
updates are frequent and always add real value,praise
good morrow to you,greeting
delighted to say that solved my problem completely,praise
hello nice to connect today,greeting
top-notch service,praise
the backup system has been broken for days,complaint
good morning there,greeting
how to update privacy settings,question
absolutely flawless resolution,praise
remarkable experience,praise
the scheduled reports is completely broken,complaint
hey popping by to say hello,greeting
writing in to compliment wonderful service,praise
just wanted to say response was almost instant,praise
i was wondering about pause my subscription,question
what a impressive response,praise
heya friend,greeting
impressive experience,praise
i am angry because service is completely broken,complaint
good day today,greeting
please help me understand set a new password,question
hi and good day to you,greeting
sunny hello,greeting
thrilled to share that very helpful team,praise
i have a question about pause my subscription,question
charts are not loading,complaint
good morning to the team,greeting
my data has disappeared,complaint
truly exceptional platform,praise
hello once more,greeting
this issue is so annoying and persistent,complaint
i was wondering about update my profile,question
how to access the admin panel,question
how do i view a time report,question
absolutely extraordinary service,praise
friendly sup,greeting
i am having serious issues with the automation feature,complaint
what a magnificent service,praise
need some guidance on update my profile,question
there is a critical bug in the reporting tool,complaint
i cannot believe that videos are buffering non stop,complaint
quick question: how to add a payment method,question
reaching out specifically to say exceptional service,praise
how is it going hope all is good,greeting
smooth and seamless experience,praise
once again having trouble with response times are terrible,complaint
the mobile app keeps crashing on me,complaint
your outage has disrupted my entire workflow,complaint
hiya,greeting
brilliant platform,praise
can you help me with i cannot log in,question
top of the morning,greeting
much better than everything we were using before,praise
a quick good afternoon,greeting
how is it going everyone,greeting
a quick morning,greeting
wanted to take a moment to praise got an answer within minutes,praise
how do i create a template from scratch,question
cannot imagine going back to our old solution,praise
cannot help but mention that very helpful team,praise
please escalate this to someone who can actually help,complaint
where is the api documentation,question
hello legend,greeting
truly splendid support,praise
could you explain what happens after the trial ends,question
happy to report that remarkable experience,praise
quick question: login page is not loading,question
good morning dear,greeting
excellent product,praise
i need help with how much does it cost,question
i am frustrated because pages are taking forever to load,complaint
dropping a note to say fantastic work,praise
what a impressive platform,praise
how do i recall a sent email,question
what a phenomenal experience,praise
how to reset password,question
even followed up the next day to ensure everything was ok,praise
how do i close my account permanently,question
the product is not worth the price,complaint
quick question: what happens after the trial ends,question
first-class product,praise
the integration is giving me errors constantly,complaint
could you explain apply a promo code,question
how do i add a team inbox,question
truly terrific resolution,praise
quick question: what is the pricing,question
what a great product,praise
how to pay an outstanding invoice,question
had to reach out and say super fast response time,praise
good afternoon all,greeting
quick question: how to change my username,question
exceptional support,praise
please help me understand change my username,question
the api stopped working after the last update,complaint
is live chat available,question
afternoon friend,greeting
one of the few tech companies that listens to feedback,praise
guided me step by step through the process,praise
taking a moment to share that resolved my issue instantly,praise
top-notch support,praise
need some guidance on included in the pro plan,question
dropping a note to say exceptional service,praise
absolutely phenomenal experience,praise
reaching out specifically to say lightning fast support,praise
could you explain downgrade my plan,question
what a impeccable service,praise
impeccable platform,praise
wrong amount was billed,complaint
i need to speak to a manager right now,complaint
cannot help but mention that lightning fast support,praise
the api keeps crashing on me,complaint
cannot help but mention that remarkable experience,praise
i cannot access the platform,complaint
the user management is not loading properly,complaint
hey star,greeting
hi genius,greeting
quality has gone downhill since the last update,complaint
the payment system is extremely slow and unusable,complaint
please help me understand access my account,question
same issue keeps coming back every single week,complaint
there is a critical bug in the payment system,complaint
how to download my invoice,question
need some guidance on change email address,question
hey a quick hi from me to you,greeting
i wanted to let you know amazing product,praise
good morning help desk,greeting
cannot help but mention that magnificent support,praise
password reset not working,question
good afternoon folks,greeting
absolutely outstanding team,praise
absolutely exceptional service,praise
absolutely phenomenal platform,praise
hola friend,greeting
writing in to compliment impressive platform,praise
i was wondering about update my name,question
can i set reminders,question
salut,greeting
first-class experience,praise
what a perfect experience,praise
sup,greeting
please help me understand recover my password,question
bonjour there,greeting
i am really upset that getting a 404 error,complaint
truly splendid service,praise
good afternoon madam,greeting
how do i upgrade storage,question
absolutely flawless product,praise
the data export is extremely slow and unusable,complaint
dropping a note to say amazing product,praise
the api is completely broken,complaint
truly exceptional product,praise
absolutely remarkable product,praise
every feature request has been thoughtfully implemented,praise
how do i increase storage quota,question
hey from a new user here,greeting
went above and beyond for me,praise
is there a way to login,question
already referred three friends to this platform,praise
truly magnificent resolution,praise
new version is so much better than before,praise
recently joined and saying a big hello,greeting
i have a question about get a refund,question
the api is extremely slow and unusable,complaint
just dropping in to say hi,greeting
truly wonderful service,praise
absolutely exceptional experience,praise
i am deeply disappointed that the website is not loading,complaint
love the new feature you added,praise
greetings from a longtime subscriber,greeting
i have a question about cancel my subscription,question
thrilled to be speaking with you,greeting
hi i am excited to be here,greeting
hey a quick hi from me,greeting
afternoon there,greeting
the onboarding flow is not loading properly,complaint
cannot use the sync feature at all right now,complaint
how many users can i add,question
absolutely fantastic support,praise
just wanted to say no waiting time at all,praise
please help me understand login,question
how do i whitelist an email address,question
is my data encrypted at rest,question
agent stayed with me until the problem was fully solved,praise
i need help with recover my password,question
what a splendid response,praise
looking for help with when will my order arrive,question
quick question: what payment methods are accepted,question
just a hiya,greeting
solved my problem completely,praise
bonjour from a french speaking user,greeting
could you explain trouble signing in,question
truly perfect service,praise
hi there,greeting
what a first-class service,praise
the notifications keeps crashing on me,complaint
i have a question about what happens after the trial ends,question
can you help me with edit my profile,question
back again with a hello,greeting
polite greeting,greeting
is there a way to access my account,question
can you help me with set a new password,question
need some guidance on forgot my password,question
remarkable support,praise
a big thank you to the billing team,praise
hey what is new with you,greeting
how are things this afternoon,greeting
absolutely terrific support,praise
please help me understand login is not working,question
how can i login,question
wanted to take a moment to praise incredible team,praise
the feature is not working correctly,complaint
taking a moment to share that excellent support,praise
dropping a note to say incredible team,praise
hello everyone hope all is well,greeting
i wanted to let you know very knowledgeable staff,praise
need some guidance on trouble signing in,question
had to reach out and say awesome experience,praise
happy to report that amazing product,praise
i am angry because the app is unavailable,complaint
could you explain having trouble logging in,question
what are the api rate limits,question
the two factor authentication is extremely slow and unusable,complaint
i was wondering about i cannot log in,question
what a terrific response,praise
how do i create an email alias,question
it is unacceptable that everything is down,complaint
i need help with change email address,question
loading times are now excellent,praise
the payment system is completely broken,complaint
truly impeccable platform,praise
can you help me with change profile picture,question
the support agent was rude to me,complaint
what a brilliant experience,praise
truly fantastic platform,praise
absolutely stellar product,praise
i am angry because the application is very slow,complaint
can you help me with remove a payment method,question
quick question: where is the profile page,question
good morning sunshine,greeting
looking for help with track my shipment,question
just a howdy,greeting
world-class support,praise
truly remarkable product,praise
absolutely magnificent service,praise
how do i add team members,question
could you explain update personal information,question
there is a critical bug in the automation feature,complaint
heya friend,greeting
delighted to say that immediate help was provided,praise
bonjour again,greeting
good to see you,greeting
the mobile app is giving me errors constantly,complaint
what a remarkable response,praise
absolutely excellent support,praise
can you help me with my order,question
it is unacceptable that the app keeps crashing,complaint
just wanted to say amazing product,praise
it is unacceptable that pages are taking forever to load,complaint
can you help me with cancel my subscription,question
happy to report that exceptional service,praise
the sync feature is extremely slow and unusable,complaint
the scheduled reports is giving me errors constantly,complaint
i was wondering about how long is the free trial,question
how do i collapse the navigation menu,question
just wanted to say wonderful service,praise
it is unacceptable that service is completely broken,complaint
magnificent platform,praise
what a incredible platform,praise
quick question: how to change email address,question
i need help with the profile page,question
reaching out specifically to say resolved my issue instantly,praise
hi technical support,greeting
compelled to share that response was almost instant,praise
i need help with remove a payment method,question
i have a question about cannot remember my password,question
i want to cancel my account immediately,complaint
i need help with cancel my subscription,question
there is a critical bug in the scheduled reports,complaint
taking a moment to share that got an answer within minutes,praise
the backup system is completely broken,complaint
how do i unsubscribe users from a list,question
not a single issue so far,praise
absolutely first-class service,praise
hi there good evening,greeting
what happens when i exceed my storage limit,question
excellent resolution,praise
how do i set sales targets,question
could you explain login,question
could you explain access my account,question
nice to chat again,greeting
taking a moment to share that great service,praise
thrilled to share that amazing product,praise
wanted to take a moment to praise no waiting time at all,praise
absolutely excellent platform,praise
how are you friend,greeting
i am deeply disappointed that the site is lagging badly,complaint
i am angry because pages are taking forever to load,complaint
truly incredible product,praise
great response,praise
please help me understand check delivery status,question
how to track my shipment,question
taking a moment to share that super fast response time,praise
remarkable resolution,praise
could you explain upgrade my plan,question
fantastic team,praise
truly stellar resolution,praise
dropping a note to say immediate help was provided,praise
hola again,greeting
compelled to share that agent was extremely helpful,praise
i am deeply disappointed that the system is not responding,complaint
what a stellar response,praise
i have a question about apply a promo code,question
truly impeccable support,praise
reaching out specifically to say incredible team,praise
i have a question about login is not working,question
is there a way to update my profile,question
delighted to say that resolved in record time,praise
hello hope i am not interrupting,greeting
where do i set my date format,question
how to change profile picture,question
outstanding service,praise
please help me understand add a payment method,question
fix did not work i am still experiencing the problem,complaint
i was wondering about what happens after the trial ends,question
can i share a report with others,question
taking a moment to share that top notch quality,praise
can i set up read receipts,question
truly amazing product,praise
thrilled to share that magnificent support,praise
a huge thank you to the support team,praise
absolutely top-notch team,praise
truly flawless product,praise
please help me understand switch plans,question
please help me understand the profile page,question
three weeks and still no resolution in sight,complaint
i have a question about edit my profile,question
reaching out specifically to say no waiting time at all,praise
i am really upset that it keeps timing out,complaint
what a phenomenal platform,praise
the backup system keeps crashing on me,complaint
is there a way to sign in,question
i was wondering about when will my order arrive,question
absolutely magnificent response,praise
the team blog is well written and helpful,praise
the export feature stopped working after the last update,complaint
just a heya,greeting
perfect experience,praise
absolutely superb service,praise
hi long time user just saying hey,greeting
truly flawless experience,praise
once again having trouble with videos are buffering non stop,complaint
dropping a note to say went above and beyond for me,praise
the email verification is not loading properly,complaint
i need help setting up for the first time,question
what a perfect service,praise
perfect response,praise
my feedback was acknowledged and acted upon quickly,praise
still experiencing the issue with the application is very slow,complaint
reaching out specifically to say brilliant product,praise
is there a way to update personal information,question
need some guidance on report a missing item,question
truly wonderful resolution,praise
hey hope the year is treating you well,greeting
stellar platform,praise
how to get into my account,question
truly remarkable support,praise
the role permissions stopped working after the last update,complaint
your service is down,complaint
the search feature keeps crashing on me,complaint
looking for help with when will i be billed,question
i was wondering about recover my password,question
absolutely impressive resolution,praise
wanted to give a shoutout for immediate help was provided,praise
friendly good morning,greeting
what a brilliant resolution,praise
hey agent,greeting
wanted to take a moment to praise very knowledgeable staff,praise
what a world-class platform,praise
good evening agent,greeting
the app is unavailable,complaint
hello customer service,greeting
could you explain where are the account settings,question
wanted to give a shoutout for remarkable experience,praise
taking a moment to share that superb platform,praise
absolutely first-class product,praise
the chatbot cannot understand my issue at all,complaint
support was quick to respond,praise
i was wondering about where are the account settings,question
how do i set up an autoresponder,question
dropping a note to say response was almost instant,praise
the billing page stopped working after the last update,complaint
the integration keeps crashing on me,complaint
i am deeply disappointed that response times are terrible,complaint
hey good afternoon,greeting
just got my account set up hello everyone,greeting
glad to be a new member of this community,greeting
absolutely splendid team,praise
hiya buddy,greeting
what a outstanding platform,praise
hey champ,greeting
absolutely impeccable response,praise
best decision i made choosing this platform,praise
wanted to give a shoutout for support was quick to respond,praise
what a incredible product,praise
onboarding was guided and personalized for my specific use case,praise
need some guidance on login page is not loading,question
once again having trouble with pages are taking forever to load,complaint
could you explain how does billing work,question
looking for help with apply a promo code,question
looking for help with what happens after the trial ends,question
thrilled to share that resolved in record time,praise
absolutely incredible experience,praise
evening again,greeting
can you help me with how long is the free trial,question
it is unacceptable that your service is down,complaint
warmest heya,greeting
i need help with included in the pro plan,question
good evening dear,greeting
i wanted to let you know awesome experience,praise
i wanted to let you know resolved my issue instantly,praise
how do i enable dark mode,question
i have a question about switch plans,question
hello from a happy customer,greeting
for the third time now i cannot access the platform,complaint
had to reach out and say resolved in record time,praise
stellar product,praise
friendly hola,greeting
wanted to take a moment to praise solved my problem completely,praise
the application is very slow,complaint
truly top-notch product,praise
truly terrific product,praise
what a world-class support,praise
once again having trouble with it keeps timing out,complaint
wanted to take a moment to praise top notch quality,praise
what a phenomenal response,praise
quick question: where can i see my bill,question
chat support keeps disconnecting,complaint
how to give admin access,question
the login page is completely broken,complaint
could you explain the return policy,question
morning friend,greeting
good afternoon mate,greeting
the workflow engine is not loading properly,complaint
absolutely wonderful response,praise
good evening star,greeting
friendly afternoon,greeting
hello friends,greeting
what a perfect support,praise
there is a critical bug in the data export,complaint
subscription was not cancelled as requested,complaint
cannot use the login page at all right now,complaint
what a extraordinary team,praise
had to reach out and say excellent support,praise
delighted to say that exceptional service,praise
compelled to share that excellent support,praise
delighted to say that superb platform,praise
cannot use the calendar integration at all right now,complaint
what a stellar product,praise
looking for help with switch plans,question
delighted to say that impressive platform,praise
what a incredible resolution,praise
taking a moment to share that resolved in record time,praise
i need help with login,question
warmest good afternoon,greeting
good evening hope you had an amazing day today,greeting
splendid resolution,praise
absolutely terrific product,praise
truly magnificent product,praise
just wanted to say impressive platform,praise
hola,greeting
the workflow engine is completely broken,complaint
how to change my credit card,question
can i use zapier with this platform,question
cannot help but mention that amazing product,praise
i cannot access my account,complaint
exceptional service,praise
i wanted to let you know magnificent support,praise
is there a way to return an item,question
how do i lock a row in a table,question
good afternoon customer service,greeting
the dashboard keeps crashing on me,complaint
truly outstanding product,praise
i am really upset that the app keeps crashing,complaint
i keep experiencing problems with pages are taking forever to load,complaint
hey wizard,greeting
what is included in the pro plan,question
hi representative,greeting
truly fantastic response,praise
what a exceptional team,praise
the calendar integration is extremely slow and unusable,complaint
evening friend,greeting
what payment methods are accepted,question
hi eager to connect,greeting
truly exceptional team,praise
fantastic response,praise
salutations everyone,greeting
how do i share files with others,question
truly extraordinary service,praise
i am deeply disappointed that it keeps timing out,complaint
truly fantastic support,praise
truly stellar support,praise
what a outstanding response,praise
a loyal customer from now on,praise
i am angry because your servers are down,complaint
i wanted to let you know agent was extremely helpful,praise
i am having serious issues with the file upload,complaint
what a world-class response,praise
login is not working,question
proactively informed me about the fix before i even asked,praise
how do i compare two versions,question
the website is not loading,complaint
how to view subscription details,question
just a hey,greeting
good afternoon team,greeting
can i pin tabs in the interface,question
delighted to say that fastest support i have ever experienced,praise
how do i segment my email list,question
i keep experiencing problems with the system is not responding,complaint
good morning friends,greeting
how long is the free trial,question
the sync feature stopped working after the last update,complaint
can you help me with reset password,question
need some guidance on check delivery status,question
just wanted to say exceptional service,praise
can you help me with get into my account,question
the email integration has been broken for days,complaint
wanted to take a moment to praise remarkable experience,praise
happy to report that superb platform,praise
amazing response,praise
wanted to give a shoutout for wonderful service,praise
truly top-notch experience,praise
yo what is up,greeting
good afternoon again,greeting
the redesign is terrible,complaint
how is it going this afternoon,greeting
superb support,praise
the billing page is extremely slow and unusable,complaint
how to add a backup payment method,question
i was wondering about the return policy,question
please help me understand included in the pro plan,question
hello there good afternoon,greeting
search functionality is powerful and fast,praise
exceptional platform,praise
what a superb resolution,praise
how are you everyone,greeting
could you explain what payment methods are accepted,question
i need help with check delivery status,question
could you explain track my shipment,question
feel misled by the marketing,complaint
hello help desk,greeting
delighted to say that no waiting time at all,praise
notifications work exactly as expected,praise
great product,praise
friendly hello,greeting
still experiencing the issue with the app is unavailable,complaint
hello there good morning,greeting
absolutely flawless platform,praise
could you explain update my profile,question
looking for help with password reset not working,question
what a top-notch team,praise
still experiencing the issue with response times are terrible,complaint
please help me understand update my password,question
looking for help with get into my account,question
what a remarkable support,praise
i need help with get into my account,question
good evening friends,greeting
why is it that file upload is extremely slow,complaint
world-class resolution,praise
terrific support,praise
a quick sup,greeting
the integration is extremely slow and unusable,complaint
need some guidance on need to reset my password,question
i wanted to let you know outstanding customer support,praise
hiya there,greeting
absolutely terrific experience,praise
quick question: how to download my invoice,question
i am really upset that the application is very slow,complaint
is there a way to my order,question
the sync feature keeps crashing on me,complaint
warmest hello,greeting
i keep experiencing problems with file upload is extremely slow,complaint
looking for help with check delivery status,question
fantastic experience,praise
outstanding response,praise
the dashboard is beautifully designed,praise
how to sign in,question
what a fantastic service,praise
a quick hello,greeting
absolutely remarkable platform,praise
happy to report that great service,praise
how do i bulk import data,question
hello advisor,greeting
how do i generate a report,question
looking for help with exchange a product,question
what a top-notch platform,praise
there is a critical bug in the api,complaint
flawless team,praise
i am frustrated because the app is freezing constantly,complaint
truly phenomenal service,praise
can you help me with login page is not loading,question
i am really upset that the system is not responding,complaint
service is completely broken,complaint
what is the maximum file size for upload,question
demanding a full refund,complaint
compelled to share that resolved my issue instantly,praise
yo friend,greeting
evening sunshine,greeting
how do i create a mailing list,question
sincere hi,greeting
for the third time now service is completely broken,complaint
following up again as i still have had no response,complaint
outstanding resolution,praise
truly extraordinary support,praise
the quality of support is unmatched anywhere,praise
delighted to say that response was almost instant,praise
compelled to share that no waiting time at all,praise
is there a way to view my invoice,question
hello champion,greeting
world-class product,praise
feels like i am being completely ignored,complaint
cannot use the scheduled reports at all right now,complaint
what a top-notch response,praise
greetings again,greeting
hey hey,greeting
how do i verify my phone number,question
what a impeccable team,praise
the scheduled reports is extremely slow and unusable,complaint
wanted to take a moment to praise brilliant product,praise
do you have a knowledge base,question
help articles answer my questions perfectly every time,praise
good afternoon hope you are well,greeting
the admin panel stopped working after the last update,complaint
world-class experience,praise
can you help me with update personal information,question
absolutely incredible response,praise
brilliant service,praise
the email integration is completely broken,complaint
extraordinary experience,praise
looking for help with change my username,question
wanted to take a moment to praise magnificent support,praise
pages are taking forever to load,complaint
sup today,greeting
superb service,praise
you made my day so much better,praise
hi madam,greeting
reaching out with a warm greeting,greeting
compelled to share that immediate help was provided,praise
what a phenomenal team,praise
can you help me with cannot remember my password,question
what a remarkable resolution,praise
truly perfect response,praise
can you help me with access my account,question
i have a question about download my invoice,question
cannot help but mention that awesome experience,praise
terrific platform,praise
hello waving hello your way,greeting
how do i track email open rates,question
the demo was thorough and answered every single question i had,praise
need some guidance on i cannot log in,question
i am angry because videos are buffering non stop,complaint
a quick ciao,greeting
still experiencing the issue with the app is freezing constantly,complaint
my issue was resolved in under five minutes,praise
just wanted to say fastest support i have ever experienced,praise
truly stellar experience,praise
hey champion,greeting
need some guidance on what payment methods are accepted,question
hi champ,greeting
i feel completely let down by your company,complaint
i wanted to let you know fantastic work,praise
hi support,greeting
hey team,greeting
no learning curve at all,praise
how to revoke admin access,question
absolutely brilliant product,praise
quick question: cannot remember my password,question
i have a question about how much does it cost,question
incredible resolution,praise
hello,greeting
absolutely first-class support,praise
the automation feature is completely broken,complaint
what a excellent platform,praise
truly first-class product,praise
the email verification is extremely slow and unusable,complaint
i am angry because i cannot access the platform,complaint
i need help with update personal information,question
wonderful resolution,praise
simple hi,greeting
i wanted to let you know response was almost instant,praise
dropping a note to say got an answer within minutes,praise
brilliant team,praise
absolutely excellent resolution,praise
how do i forecast sales,question
wanted to take a moment to praise resolved my issue instantly,praise
the backup system is not loading properly,complaint
for the third time now videos are buffering non stop,complaint
the export feature keeps crashing on me,complaint
the import function is not loading properly,complaint
reaching out specifically to say amazing product,praise
hey there good afternoon,greeting
wanted to give a shoutout for super fast response time,praise
hello how is everything going,greeting
still experiencing the issue with the system is not responding,complaint
truly first-class support,praise
please help me understand how does billing work,question
the mobile app is extremely slow and unusable,complaint
looking for help with sign in,question
i keep experiencing problems with the app is unavailable,complaint
please help me understand cancel an order,question
i have a question about what payment methods are accepted,question
how do i handle dates in formulas,question
absolutely fantastic service,praise
how do i sort by multiple columns,question
please help me understand how much does it cost,question
how do i create an a b test for email,question
the admin panel is not loading properly,complaint
clean and simple design,praise
i was wondering about change email address,question
a quick hi,greeting
looking for help with the profile page,question
feels like a company that truly cares about users,praise
amazing support,praise
i am deeply disappointed that the dashboard is loading too slowly,complaint
the map is not displaying,complaint
i am really upset that your service is down,complaint
cannot use the automation feature at all right now,complaint
how to use webhooks,question
hello specialist,greeting
how are you,greeting
excited to connect with you today,greeting
hey support team,greeting
could you explain update my name,question
good evening there,greeting
absolutely terrific platform,praise
the api is not loading properly,complaint
for the third time now the dashboard is loading too slowly,complaint
i am really upset that your servers are down,complaint
wanted to take a moment to praise very helpful team,praise
awesome experience,praise
what a top-notch experience,praise
i was wondering about apply a promo code,question
what a extraordinary support,praise
dropping a note to say resolved my issue instantly,praise
the scheduled reports is not loading properly,complaint
i need help with need to reset my password,question
i need help with i cannot log in,question
there is a critical bug in the two factor authentication,complaint
how do i export a report as pdf,question
the button does nothing when i click it,complaint
can you help me with update my name,question
where to see usage statistics,question
looking for help with get a refund,question
quick question: how to sign in,question
friendly namaste,greeting
taking a moment to share that wonderful service,praise
lovely to chat with you,greeting
what a superb response,praise
absolutely impeccable team,praise
can you help me with when will i be billed,question
i have a question about change email address,question
what is new,greeting
reaching out specifically to say top notch quality,praise
absolutely impeccable experience,praise
why is it that the site is lagging badly,complaint
the dashboard has been broken for days,complaint
is there a way to login is not working,question
hello everyone,greeting
absolutely splendid service,praise
what a brilliant platform,praise
what file formats do you support for import,question
superb experience,praise
truly outstanding experience,praise
hiya friend,greeting
absolutely wonderful support,praise
just a hi,greeting
i have a question about change profile picture,question
what a splendid product,praise
please help me understand trouble signing in,question
compelled to share that solved my problem completely,praise
does it work with microsoft teams,question
hello waving hello your way today,greeting
i cannot believe that the dashboard is loading too slowly,complaint
amazing product,praise
thrilled to share that response was almost instant,praise
thrilled to share that fantastic work,praise
hello there welcome,greeting
cannot use the user management at all right now,complaint
i was wondering about need to reset my password,question
what a flawless product,praise
truly great support,praise
how do i create canned responses,question
how do i lock a record from editing,question
reaching out specifically to say very knowledgeable staff,praise
need some guidance on pause my subscription,question
where is the dashboard,question
truly impeccable service,praise
how do i get the most out of this platform,question
just wanted to say immediate help was provided,praise
i need help with forgot my password,question
i was wondering about included in the pro plan,question
generic response did not solve anything at all,complaint
good evening,greeting
how do i archive old emails,question
i am really upset that file upload is extremely slow,complaint
i keep experiencing problems with the site is lagging badly,complaint
productivity has increased significantly since switching,praise
what a flawless team,praise
absolutely flawless service,praise
painless to get started with,praise
where can i see my reports,question
dropping a note to say lightning fast support,praise
truly splendid resolution,praise
could you explain add a payment method,question
even after the patch the bug is still present,complaint
amazing platform,praise
compelled to share that remarkable experience,praise
really appreciate the transparency of this company,praise
how do i add conditional logic to a form,question
how do i search within emails,question
what a magnificent resolution,praise
response times are terrible,complaint
excellent experience,praise
there is a critical bug in the workflow engine,complaint
i need help with change my password,question
wanted to take a moment to praise fantastic work,praise
what a fantastic resolution,praise
could you explain exchange a product,question
kudos to the development team for the great work,praise
absolutely world-class resolution,praise
i am frustrated because your servers are down,complaint
i am really upset that response times are terrible,complaint
delighted to say that resolved my issue instantly,praise
hello checking in today,greeting
still experiencing the issue with service is completely broken,complaint
the admin panel is completely broken,complaint
had to reach out and say immediate help was provided,praise
could you explain do you offer a free trial,question
value for money is absolutely incredible,praise
hello guys,greeting
truly excellent service,praise
great to connect with you today,greeting
no waiting time at all,praise
the automation feature keeps crashing on me,complaint
for the third time now pages are taking forever to load,complaint
hi hope you are having a productive day,greeting
how to update personal information,question
outstanding team,praise
what a top-notch support,praise
absolutely fantastic product,praise
the two factor authentication is giving me errors constantly,complaint
looking for help with update personal information,question
hi star,greeting
hello there,greeting
happy to report that very helpful team,praise
i have a question about downgrade my plan,question
splendid product,praise
had to reach out and say remarkable experience,praise
absolutely impressive team,praise
phenomenal experience,praise
what formulas are supported,question
can you help me with change my password,question
i am angry because your service is down,complaint
absolutely perfect product,praise
truly flawless service,praise
dropping a note to say super fast response time,praise
phenomenal response,praise
good afternoon today,greeting
how to request data deletion,question
absolutely outstanding response,praise
hello madam,greeting
is there a way to how much does it cost,question
is there a way to apply a promo code,question
truly impressive resolution,praise
would highly recommend this service,praise
how do i create a custom view,question
warmest yo,greeting
i keep experiencing problems with getting a 500 error,complaint
just wanted to say awesome experience,praise
cannot help but mention that brilliant product,praise
impressive resolution,praise
what a impeccable experience,praise
the integration has been broken for days,complaint
what a extraordinary response,praise
onboarding was smooth and quick,praise
howdy there,greeting
friendly hey,greeting
once again having trouble with the dashboard is loading too slowly,complaint
it is unacceptable that it keeps timing out,complaint
i cannot believe that the website is not loading,complaint
a pleasure to connect today,greeting
exceptional product,praise
brand new user here just saying hey,greeting
sending warm greetings today,greeting
i am deeply disappointed that the app keeps crashing,complaint
truly stellar response,praise
why was that feature removed without any notice,complaint
great to connect,greeting
the reporting tool is giving me errors constantly,complaint
quick question: how to view account details,question
brilliant support,praise
had to reach out and say lightning fast support,praise
it keeps timing out,complaint
thrilled to share that got an answer within minutes,praise
once again having trouble with i cannot access the platform,complaint
could you explain cancel my subscription,question
good afternoon buddy,greeting
truly outstanding team,praise
i was wondering about how much does it cost,question
outstanding experience,praise
compelled to share that superb platform,praise
truly first-class service,praise
i have a question about where is the profile page,question
quick question: how do i recover my password,question
payment failed but money was deducted,complaint
warmest sup,greeting
howdy,greeting
could you explain change email address,question
cannot believe how easy this made my work,praise
could you explain the profile page,question
i hope this message finds you well,greeting
team clearly listened to all the user feedback,praise
it is unacceptable that the app is unavailable,complaint
i was wondering about set a new password,question
i cannot believe that pages are taking forever to load,complaint
just wanted to say top notch quality,praise
truly impressive platform,praise
just a ciao,greeting
i am having serious issues with the role permissions,complaint
virtual hi,greeting
salam,greeting
i need help with sign in,question
truly impeccable resolution,praise
truly flawless resolution,praise
good evening support,greeting
i am frustrated because the application is very slow,complaint
the api has been broken for days,complaint
how to enable notifications,question
excellent response,praise
what a stellar platform,praise
hey there good evening,greeting
sup there,greeting
hey there good morning,greeting
absolutely superb support,praise
courteous hello,greeting
can i export a time report,question
good afternoon friends,greeting
the notifications has been broken for days,complaint
feature releases are genuinely exciting to see,praise
bonjour today,greeting
a quick evening,greeting
what a superb support,praise
there is a critical bug in the sync feature,complaint
good morning team,greeting
can you help me with how does billing work,question
need some guidance on view account details,question
the two factor authentication keeps crashing on me,complaint
had to reach out and say great service,praise
hiiii,greeting
getting so much more than i expected,praise
writing in to compliment fastest support i have ever experienced,praise
truly excellent experience,praise
what a impeccable resolution,praise
hi operator,greeting
i need help with change my username,question
absolutely outstanding resolution,praise
i wanted to let you know remarkable experience,praise
truly impeccable experience,praise
looking for help with update my profile,question
is there a way to change email address,question
for the third time now it keeps timing out,complaint
absolutely wonderful team,praise
can you help me with see my bill,question
where are the keyboard shortcuts,question
two factor code is not working,complaint
i am angry because it keeps timing out,complaint
is there a way to do you offer a free trial,question
truly magnificent team,praise
what encryption does the platform use,question
can i customize the dashboard,question
i was wondering about forgot my password,question
taking a moment to share that immediate help was provided,praise
integration with other tools is seamless,praise
taking a moment to share that brilliant product,praise
worth every single penny spent on this,praise
it is unacceptable that getting a 404 error,complaint
howdy from across the world,greeting
the scheduled reports stopped working after the last update,complaint
it is unacceptable that your servers are down,complaint
writing in to compliment got an answer within minutes,praise
love this platform,praise
service is unavailable again,complaint
hello hope you can help,greeting
absolutely extraordinary product,praise
happy to report that excellent support,praise
cannot use the integration at all right now,complaint
truly impressive experience,praise
first-class service,praise
absolutely extraordinary response,praise
dropping a note to say awesome experience,praise
good morning i hope you are well today,greeting
absolutely superb team,praise
i was wondering about what payment methods are accepted,question
what a superb platform,praise
truly brilliant response,praise
it is unacceptable that response times are terrible,complaint
every update introduces new and annoying bugs,complaint
for the third time now the website is not loading,complaint
dropping a note to say very helpful team,praise
how to view my login history,question
if this is not fixed i am cancelling immediately,complaint
is there a way to included in the pro plan,question
remarkable service,praise
thrilled to share that super fast response time,praise
compelled to share that amazing product,praise
please help me understand update my profile,question
is there a way to the pricing,question
hello folks,greeting
the two factor authentication has been broken for days,complaint
exceptional resolution,praise
there is a bug in the payment page,complaint
happy to have found this amazing platform hello,greeting
absolutely superb product,praise
quick question: how to reset password,question
hi there hope all is well with you,greeting
need some guidance on change my credit card,question
truly impeccable product,praise
i am angry because the app keeps crashing,complaint
hi new user alert here to say hello,greeting
why is it that the app keeps crashing,complaint
the responsiveness of the team is phenomenal,praise
do you have an annual plan,question
i am having serious issues with the scheduled reports,complaint
truly amazing platform,praise
the file upload has been broken for days,complaint
compelled to share that great service,praise
is there a way to reset password,question
cannot help but mention that got an answer within minutes,praise
first-class support,praise
writing in to compliment fantastic work,praise
good day there,greeting
how do i send a contract for signing,question
is there a mobile app available,question
poor performance overall,complaint
agent truly understood my issue,praise
exceptional experience,praise
need some guidance on my order,question
i am having serious issues with the audit logs,complaint
is there a way to downgrade my plan,question
looking for help with update my name,question
i was wondering about login is not working,question
wanted to give a shoutout for no waiting time at all,praise
the import function stopped working after the last update,complaint
hi manager,greeting
how do i set up contact scoring,question
good evening all,greeting
very helpful team,praise
what happens to duplicates when importing,question
can you help me with trouble signing in,question
stellar support,praise
i need help with what happens after the trial ends,question
truly magnificent support,praise
absolutely impeccable support,praise
promised a callback that never actually came,complaint
taking a moment to share that impressive platform,praise
quick question: how to switch plans,question
absolutely stellar response,praise
is there a way to the profile page,question
the backup system stopped working after the last update,complaint
what a superb product,praise
heyy,greeting
the onboarding flow stopped working after the last update,complaint
i need help with change profile picture,question
transferred four times and still have not received help,complaint
where can i see my bill,question
good morning customer service,greeting
writing in to compliment no waiting time at all,praise
cannot help but mention that excellent support,praise
the search feature is completely broken,complaint
the data export is completely broken,complaint
terrific team,praise
your service is very disappointing,complaint
please help me understand the return policy,question
what a impeccable product,praise
writing in to compliment super fast response time,praise
thrilled to share that brilliant product,praise
i was wondering about access my account,question
what a terrific platform,praise
wanted to take a moment to praise support was quick to respond,praise
good afternoon hope your day is great,greeting
compelled to share that went above and beyond for me,praise
absolutely top-notch product,praise
i have a question about when will i be billed,question
this platform has exceeded every expectation i had,praise
training resources are top quality without any doubt,praise
how are you hope you are well,greeting
how do i report a bug,question
i am frustrated because the app is unavailable,complaint
how to integrate with a third party app,question
how are you this afternoon,greeting
top-notch platform,praise
absolutely flawless experience,praise
i was wondering about view account details,question
how to contact support,question
i hate this app,complaint
can i undo a bulk import,question
what a excellent resolution,praise
filters are broken,complaint
looking for help with change my credit card,question
wanted to take a moment to praise awesome experience,praise
world-class response,praise
could you explain change profile picture,question
splendid service,praise
for the third time now getting a 404 error,complaint
the data export is giving me errors constantly,complaint
wishing you a great day ahead,greeting
good morning guys,greeting
the email integration is not loading properly,complaint
hi all,greeting
is there an onboarding guide,question
the search feature is giving me errors constantly,complaint
session keeps expiring too quickly,complaint
cannot use the workflow engine at all right now,complaint
delighted to say that super fast response time,praise
status page is always kept up to date,praise
how do i embed content externally,question
absolutely impressive support,praise
the redesign is clean modern and beautiful,praise
please help me understand pause my subscription,question
absolutely amazing product,praise
hi there how is your day going,greeting
how to enable two factor login,question
i am having serious issues with the user management,complaint
phenomenal support,praise
aloha from a tropical location,greeting
need some guidance on recover my password,question
reaching out specifically to say remarkable experience,praise
good morning i am a long time customer,greeting
truly terrific platform,praise
please help me understand cancel my subscription,question
friendly good day,greeting
can you help me with switch plans,question
i have lost hours of work due to this bug,complaint
need some guidance on track my shipment,question
the email integration stopped working after the last update,complaint
how do you do,greeting
greetings there,greeting
i have a question about where are the account settings,question
truly impressive response,praise
i have a question about set a new password,question
cannot help but mention that immediate help was provided,praise
looking for help with edit my profile,question
how to set up email notifications,question
amazing team,praise
cannot use the backup system at all right now,complaint
warmest bonjour,greeting
is there a way to edit my profile,question
good morning star,greeting
provided a workaround while the fix was being developed,praise
what a brilliant response,praise
hi dear,greeting
good evening champion,greeting
howdy again,greeting
glad to reach you today,greeting
hola today,greeting
what a flawless response,praise
magnificent support,praise
no one asked for this change to be made,complaint
could you explain included in the pro plan,question
reaching out specifically to say solved my problem completely,praise
a quick hey,greeting
please help me understand view account details,question
sync is not working between devices,complaint
how to switch plans,question
once again having trouble with getting a 404 error,complaint
on hold for two hours and then got disconnected,complaint
just wanted to say great service,praise
absolutely great response,praise
what a excellent support,praise
what a amazing product,praise
had to reach out and say went above and beyond for me,praise
i am having serious issues with the account settings,complaint
does the platform support oauth,question
why is it that getting a 404 error,complaint
looking for help with access my account,question
good day again,greeting
i was wondering about the pricing,question
morning,greeting
it is unacceptable that i cannot access the platform,complaint
what a fantastic product,praise
lightning fast support,praise
the billing page is completely broken,complaint
hello superstar,greeting
i am angry because getting a 404 error,complaint
for the third time now the system is not responding,complaint
truly fantastic product,praise
could you explain recover my password,question
i wanted to let you know resolved in record time,praise
can you help me with download my invoice,question
the customer success team is truly outstanding,praise
hola from a spanish speaking user,greeting
is there a way to trouble signing in,question
delighted to say that fantastic work,praise
good evening mate,greeting
absolutely splendid support,praise
well deserving of a glowing five star review,praise
hi friends,greeting
delighted to say that outstanding customer support,praise
once again having trouble with file upload is extremely slow,complaint
i wanted to let you know superb platform,praise
good morning hi there,greeting
truly incredible resolution,praise
please help me understand password reset not working,question
wonderful product,praise
looking for help with recover my password,question
compelled to share that fantastic work,praise
hi sending you a friendly hello today,greeting
taking a moment to share that very knowledgeable staff,praise
could you explain password reset not working,question
absolutely great support,praise
i see an unexpected charge on my card,complaint
truly incredible experience,praise
delighted to say that top notch quality,praise
how is your day,greeting
absolutely amazing service,praise
absolutely top-notch support,praise
the role permissions keeps crashing on me,complaint
amazing service,praise
absolutely brilliant resolution,praise
absolutely first-class resolution,praise
excellent platform,praise
still experiencing the issue with pages are taking forever to load,complaint
i am having serious issues with the payment system,complaint
warmest afternoon,greeting
absolutely flawless team,praise
please help me understand remove a payment method,question
thrilled to share that excellent support,praise
what a first-class experience,praise
truly extraordinary product,praise
cannot help but mention that no waiting time at all,praise
there is a critical bug in the user management,complaint
friendly hi,greeting
quick question: how to access my account,question
i was wondering about cannot remember my password,question
looking for help with where are the account settings,question
what a remarkable experience,praise
the calendar integration has been broken for days,complaint
i was wondering about edit my profile,question
i am frustrated because response times are terrible,complaint
flawless platform,praise
i am having serious issues with the admin panel,complaint
you have lost a loyal customer,complaint
dropping a note to say great service,praise
is there a way to need to reset my password,question
dropping a note to say resolved in record time,praise
you saved me so much time,praise
warmest greetings,greeting
why is it that your service is down,complaint
konnichiwa,greeting
absolutely magnificent team,praise
formal greeting,greeting
i need help with do you offer a free trial,question
evening today,greeting
need some guidance on change my password,question
why is it that getting a 500 error,complaint
a quick namaste,greeting
i need help with the return policy,question
i am frustrated because the app keeps crashing,complaint
the notifications is not loading properly,complaint
hey everyone,greeting
how have you been,greeting
hello today,greeting
i am really upset that the dashboard is loading too slowly,complaint
quick question: forgot my password,question
had to reach out and say fantastic work,praise
dropping a note to say impressive platform,praise
what a great response,praise
what a exceptional support,praise
hello genius,greeting
absolutely exceptional support,praise
is there a way to how does billing work,question
the reporting tool keeps crashing on me,complaint
is there a way to password reset not working,question
is customer support available on weekends,question
all the reported bugs are now fixed,praise
need some guidance on update my password,question
writing in to compliment very knowledgeable staff,praise
the email verification has been broken for days,complaint
i am really upset that everything is down,complaint
hi help desk,greeting
what a splendid resolution,praise
wanted to give a shoutout for excellent support,praise
where are saved templates stored,question
truly world-class team,praise
i have a question about how long is the free trial,question
the email verification stopped working after the last update,complaint
your lack of response is completely unacceptable,complaint
i am frustrated because i cannot access the platform,complaint
just a bonjour,greeting
i was wondering about download my invoice,question
hi good afternoon,greeting
i keep experiencing problems with it keeps timing out,complaint
i cannot believe that the application is very slow,complaint
can i do conditional logic in formulas,question
cannot help but mention that fantastic work,praise
how to import data,question
the backup system is extremely slow and unusable,complaint
good morning madam,greeting
just a yo,greeting
hey all,greeting
cannot help but mention that incredible team,praise
the data export keeps crashing on me,complaint
i wanted to let you know exceptional service,praise
how do i track conversion rates,question
what a incredible service,praise
once again having trouble with getting a 500 error,complaint
absolutely phenomenal team,praise
how can i change my password,question
why is it that service is completely broken,complaint
cannot use the search feature at all right now,complaint
looking for help with pause my subscription,question
went out of their way to help me succeed,praise
grateful to reach your support today,greeting
how do i set up a subdomain,question
what a impressive support,praise
cannot use the import function at all right now,complaint
hi good morning,greeting
i need help with report a missing item,question
i keep experiencing problems with everything is down,complaint
hey superstar,greeting
does everything as advertised,praise
just wanted to say very knowledgeable staff,praise
good day friend,greeting
how do i configure dns settings,question
taking a moment to share that response was almost instant,praise
where are your servers located,question
i need help with get a refund,question
sdk was simple to implement in my existing project,praise
wanted to take a moment to praise super fast response time,praise
truly terrific response,praise
happy to report that resolved in record time,praise
how do i clean my email list,question
what a outstanding product,praise
absolutely brilliant service,praise
good evening help desk,greeting
quick question: how much does it cost,question
thrilled to share that superb platform,praise
writing in to compliment immediate help was provided,praise
phenomenal resolution,praise
happy to report that wonderful service,praise
happy to report that immediate help was provided,praise
i need help with what payment methods are accepted,question
thrilled to share that support was quick to respond,praise
a quick hiya,greeting
taking a moment to share that remarkable experience,praise
impeccable product,praise
absolutely great resolution,praise
what happens if payment fails,question
i need help with update my password,question
the role permissions is not loading properly,complaint
can i get a detailed breakdown of my charges,question
need some guidance on add a payment method,question
looking for help with see my bill,question
just signed up and wanted to say hello,greeting
need some guidance on where are the account settings,question
hello and welcome,greeting
i just wanted to say a quick hello,greeting
truly magnificent service,praise
why is it that the app is freezing constantly,complaint
i am deeply disappointed that the app is unavailable,complaint
quick question: how to remove a payment method,question
truly outstanding support,praise
what a outstanding experience,praise
ticket response is taking way too long,complaint
absolutely perfect platform,praise
reaching out specifically to say resolved in record time,praise
hello ready to chat,greeting
friendly greetings,greeting
truly incredible platform,praise
data from yesterday is gone,complaint
thrilled to share that very knowledgeable staff,praise
i am angry because the app is freezing constantly,complaint
can you help me with view my invoice,question
how to authenticate with the api,question
can someone please acknowledge my support ticket,complaint
can you help me with update my password,question
is there a desktop app available,question
dropping a note to say outstanding customer support,praise
the free trial convinced me immediately,praise
truly wonderful support,praise
absolutely world-class team,praise
there is a critical bug in the download feature,complaint
the dashboard is loading too slowly,complaint
absolutely disgusted with the service quality,complaint
please help me understand cannot remember my password,question
just wanted to say excellent support,praise
wanted to give a shoutout for got an answer within minutes,praise
the user management is giving me errors constantly,complaint
hi and welcome,greeting
good afternoon hope the rest of your day goes well,greeting
the onboarding flow is extremely slow and unusable,complaint
i need help with how long is the free trial,question
reaching out specifically to say magnificent support,praise
once again having trouble with the app is unavailable,complaint
absolutely outstanding experience,praise
dropping a note to say support was quick to respond,praise
quick question: where are the account settings,question
absolutely wonderful service,praise
hii,greeting
delighted to say that great service,praise
how hard is it to just fix this simple issue,complaint
your servers are down,complaint
the payment system keeps crashing on me,complaint
keep getting redirected to the wrong department,complaint
pleased to connect with your team today,greeting
how to find my account history,question
hi everyone,greeting
taking a moment to share that outstanding customer support,praise
i have a question about how can i login,question
truly world-class support,praise
had to reach out and say superb platform,praise
could you explain get a refund,question
how do i track contact activity,question
why is it that your servers are down,complaint
how do i download a receipt,question
response was almost instant,praise
the integration is completely broken,complaint
hello sir,greeting
hey just wanted to say hi,greeting
good afternoon everyone,greeting
writing in to compliment support was quick to respond,praise
do you accept paypal,question
response was copy pasted and completely useless,complaint
writing in to compliment outstanding customer support,praise
how to disable notifications,question
cannot help but mention that went above and beyond for me,praise
how do i set up mx records,question
how to check delivery status,question
the payment system stopped working after the last update,complaint
cannot use the two factor authentication at all right now,complaint
absolutely superb platform,praise
is there a way to update my password,question
once again having trouble with your servers are down,complaint
how do i schedule an email to send later,question
dropping a note to say magnificent support,praise
there is a critical bug in the onboarding flow,complaint
taking this to social media if not resolved today,complaint
truly excellent support,praise
the automation feature is not loading properly,complaint
taking a moment to share that awesome experience,praise
how to remove a payment method,question
reaching out specifically to say fastest support i have ever experienced,praise
is there a way to where are the account settings,question
the dashboard is completely broken,complaint
hello friend,greeting
what a impeccable response,praise
wanted to give a shoutout for went above and beyond for me,praise
hey long time no chat,greeting
hi happy to reach out,greeting
when will my order arrive,question
stop releasing broken and untested features,complaint
please help me understand track my shipment,question
cannot use the account settings at all right now,complaint
how to update my name,question
what is saml and how do i use it,question
flawless resolution,praise
intuitive and user friendly interface,praise
truly world-class platform,praise
getting excellent roi from this platform,praise
had to reach out and say very helpful team,praise
thrilled to share that fastest support i have ever experienced,praise
brilliant resolution,praise
hello dear,greeting
what a magnificent platform,praise
what is good,greeting
told to clear cache and reinstall but that did not help,complaint
absolutely perfect experience,praise
how does billing work,question
truly phenomenal support,praise
amazing resolution,praise
the reporting tool is extremely slow and unusable,complaint
can you help me with password reset not working,question
can you help me with change shipping address,question
dropping a note to say superb platform,praise
the file upload stopped working after the last update,complaint
happy to chat with you today,greeting
it is unacceptable that the dashboard is loading too slowly,complaint
the audit logs is not loading properly,complaint
hello champion,greeting
need some guidance on password reset not working,question
looking for help with view account details,question
the download feature stopped working after the last update,complaint
had to reach out and say top notch quality,praise
i was wondering about when will i be billed,question
hope the week is treating you well,greeting
compelled to share that resolved in record time,praise
just wanted to say incredible team,praise
could you explain cancel an order,question
taking a moment to share that incredible team,praise
please help me understand my order,question
good afternoon guys,greeting
hi specialist,greeting
how to edit my profile,question
quick question: how to edit my profile,question
need some guidance on access my account,question
terrific experience,praise
the email verification is completely broken,complaint
please help me understand i cannot log in,question
i am angry because file upload is extremely slow,complaint
i keep experiencing problems with the website is not loading,complaint
what a superb team,praise
great resolution,praise
how do i make my account private,question
looking for help with downgrade my plan,question
good morning champion,greeting
absolutely outstanding product,praise
what is happening,greeting
how do i duplicate a template,question
login page is not loading,question
what a first-class platform,praise
howdy partner,greeting
could you explain how much does it cost,question
telling all my colleagues about it,praise
a quick hello from me,greeting
i am deeply disappointed that i cannot access the platform,complaint
wanted to give a shoutout for solved my problem completely,praise
wonderful support,praise
export feature saved me several hours,praise
hi superstar,greeting
i cannot believe that the site is lagging badly,complaint
bring back the old version please,complaint
what a first-class resolution,praise
how do i create a read only view,question
how to apply a promo code,question
how do i recover my password,question
great experience,praise
the onboarding flow has been broken for days,complaint
what a stellar experience,praise
how do i save a filter as a view,question
great support,praise
there is a critical bug in the email verification,complaint
hi sunshine,greeting
how to revoke access from apps,question
i wanted to let you know top notch quality,praise
truly remarkable platform,praise
i am having serious issues with the billing page,complaint
absolutely superb experience,praise
how to cancel my subscription,question
reaching out specifically to say got an answer within minutes,praise
the login page is giving me errors constantly,complaint
incredible product,praise
just wanted to say very helpful team,praise
i have a question about update my profile,question
truly fantastic resolution,praise
can you help me with pause my subscription,question
the import function keeps crashing on me,complaint
cannot thank you enough,praise
welcome and good morning,greeting
the automation feature is extremely slow and unusable,complaint
can i freeze columns in the data view,question
truly top-notch service,praise
cannot help but mention that resolved in record time,praise
taking a moment to share that lightning fast support,praise
mobile app works perfectly and smoothly,praise
superb platform,praise
hi there i hope all is well,greeting
bugs are fixed very quickly here,praise
truly stellar team,praise
could you explain get into my account,question
not working properly at all,complaint
could you explain switch plans,question
once again having trouble with the app is freezing constantly,complaint
i need help with switch plans,question
how to mark a task as complete,question
wanted to take a moment to praise amazing product,praise
thrilled to share that wonderful service,praise
how do i verify my domain,question
flawless response,praise
absolutely excellent service,praise
can you help me with upgrade my plan,question
there is a critical bug in the backup system,complaint
i cannot believe that everything is down,complaint
truly fantastic experience,praise
can i set a spending limit,question
file download is broken,complaint
hi champion,greeting
good evening sir,greeting
the sync feature has been broken for days,complaint
delighted to be in touch with you today,greeting
how do i schedule a recurring task,question
how to use the rest api,question
what is the pricing,question
please listen to your users for once,complaint
how is it going,greeting
truly remarkable service,praise
for the third time now your servers are down,complaint
good evening advisor,greeting
i need help with update my name,question
flawless experience,praise
greetings and salutations,greeting
reporting feature is incredibly useful,praise
had to reach out and say resolved my issue instantly,praise
i need help with password reset not working,question
looking for help with do you offer a free trial,question
what a extraordinary service,praise
quick question: how to view my invoice,question
quick question: how to change profile picture,question
warmest evening,greeting
what a incredible team,praise
this is affecting my business operations seriously,complaint
agent was extremely helpful,praise
reaching out specifically to say super fast response time,praise
i regret choosing your platform,complaint
reaching out specifically to say great service,praise
how do i create an email signature,question
dropping a note to say excellent support,praise
very knowledgeable staff,praise
just wanted to say fantastic work,praise
need some guidance on change my username,question
i was wondering about sign in,question
absolutely impressive response,praise
i am having serious issues with the import function,complaint
what a world-class service,praise
how to archive a project,question
can i use offline mode,question
good morning buddy,greeting
afternoon,greeting
truly incredible support,praise
how do i connect to slack,question
good evening buddy,greeting
good afternoon there,greeting
looking for help with how much does it cost,question
what a superb experience,praise
i wanted to let you know went above and beyond for me,praise
hello i am thrilled to use this service,greeting
cannot create a new account,complaint
afternoon again,greeting
how do i manage my notification preferences,question
best application i have ever used,praise
hey just popping in to greet you,greeting
hey buddy,greeting
the admin panel keeps crashing on me,complaint
i was wondering about cancel an order,question
good evening guys,greeting
need some guidance on cancel my subscription,question
warmest good evening,greeting
how to manage team permissions,question
i have a question about access my account,question
hi advisor,greeting
the export feature is extremely slow and unusable,complaint
hi today,greeting
hello agent,greeting
the role permissions is completely broken,complaint
the import function is extremely slow and unusable,complaint
the scheduled reports keeps crashing on me,complaint
could you explain remove a payment method,question
how are you this morning,greeting
is there a way to what payment methods are accepted,question
the automation feature is giving me errors constantly,complaint
absolutely perfect support,praise
the import function is completely broken,complaint
can i change my billing cycle,question
splendid experience,praise
please help me understand update my name,question
truly extraordinary experience,praise
the old design was much better and easier to use,complaint
given a resolution that made things worse,complaint
how to navigate to billing,question
what a magnificent support,praise
magnificent team,praise
how do i use merge tags in emails,question
how are you hope all is good,greeting
flawless support,praise
i was wondering about exchange a product,question
truly fantastic service,praise
truly extraordinary resolution,praise
truly great platform,praise
having trouble logging in,question
absolutely amazing support,praise
cancel my subscription immediately,complaint
i keep experiencing problems with the application is very slow,complaint
i am having serious issues with the backup system,complaint
truly exceptional service,praise
hey good evening,greeting
what a incredible support,praise
how to restore an archived project,question
hey champion,greeting
where do i send feedback,question
how do i apply a discount code,question
i am frustrated because the system is not responding,complaint
i was wondering about return an item,question
world-class team,praise
absolutely amazing experience,praise
hey hope you are doing fantastic,greeting
is there a way to change my username,question
hi team,greeting
once again having trouble with everything is down,complaint
evening,greeting
what a terrific experience,praise
product quality is excellent,praise
remarkable product,praise
how to change billing address,question
wanted to give a shoutout for impressive platform,praise
important features were removed,complaint
cannot use the billing page at all right now,complaint
how are things this morning,greeting
namaste friend,greeting
automation feature is a complete game changer,praise
how do i request a data processing agreement,question
still experiencing the issue with the website is not loading,complaint
exceptional team,praise
how are things friend,greeting
what a exceptional resolution,praise
i was wondering about update personal information,question
magnificent product,praise
very easy to use,praise
for the third time now the application is very slow,complaint
top marks for outstanding customer service,praise
i was wondering about trouble signing in,question
i keep experiencing problems with response times are terrible,complaint
how do i see who edited a record,question
quick question: how long is the free trial,question
had to reach out and say impressive platform,praise
helped me resolve a very complex problem,praise
wakey wakey,greeting
thrilled to share that went above and beyond for me,praise
how do i set up sso,question
need some guidance on what happens after the trial ends,question
how do i create a team,question
thrilled to share that top notch quality,praise
quick question: i cannot log in,question
wanted to take a moment to praise excellent support,praise
the sync feature is not loading properly,complaint
truly amazing experience,praise
had to reach out and say got an answer within minutes,praise
compelled to share that top notch quality,praise
what a fantastic team,praise
i am frustrated because the dashboard is loading too slowly,complaint
a warm welcome to you,greeting
why is it that response times are terrible,complaint
how to escalate my issue,question
digital hello,greeting
extraordinary product,praise
hi there good afternoon,greeting
i have a question about what is included in the pro plan,question
delighted to say that agent was extremely helpful,praise
a quick greetings,greeting
happy to be talking with someone,greeting
hi everyone hope you are having a great day,greeting
top-notch response,praise
absolutely great product,praise
need some guidance on the return policy,question
what a extraordinary experience,praise
writing in to compliment excellent support,praise
absolutely stellar resolution,praise
you charged me twice,complaint
can you help me with where are the account settings,question
i am having serious issues with the email verification,complaint
absolutely perfect service,praise
how to generate an access token,question
hello i am a new user here,greeting
what happens after the trial ends,question
incredible team,praise
writing in to compliment magnificent support,praise
i keep experiencing problems with your servers are down,complaint
super fast response time,praise
grateful for the quick resolution,praise
hi sending you a friendly greeting,greeting
quick question: what is included in the pro plan,question
how do i connect my form to a third party,question
is there a way to set a new password,question
good afternoon friend,greeting
i keep experiencing problems with the app is freezing constantly,complaint
could you explain login is not working,question
i need help with view my invoice,question
documentation is comprehensive and well written,praise
i am having serious issues with the sync feature,complaint
absolutely amazing response,praise
could you explain cannot remember my password,question
warmest hola,greeting
hi hope someone is available,greeting
how are things,greeting
what are your support hours,question
delighted to say that amazing product,praise
the workflow engine is giving me errors constantly,complaint
hey just wanted to say hi before asking,greeting
absolutely exceptional team,praise
please help me understand forgot my password,question
my account is locked,complaint
happy to report that support was quick to respond,praise
my account shows wrong subscription tier,question
heya again,greeting
truly phenomenal team,praise
once again having trouble with the website is not loading,complaint
i wanted to let you know immediate help was provided,praise
excellent support,praise
wanted to give a shoutout for awesome experience,praise
everything is down,complaint
is there a way to report a missing item,question
what a brilliant support,praise
i was wondering about update my password,question
afternoon today,greeting
outstanding support,praise
the email verification is giving me errors constantly,complaint
what a wonderful product,praise
i have a question about update my name,question
the payment system is not loading properly,complaint
how do i set up email forwarding,question
truly impressive support,praise
how do i set my timezone,question
truly exceptional response,praise
is there a way to track my shipment,question
there is a critical bug in the role permissions,complaint
told all my colleagues to avoid this service,complaint
truly brilliant experience,praise
truly first-class platform,praise
truly terrific team,praise
what a world-class team,praise
phenomenal service,praise
i am angry because getting a 500 error,complaint
the newsletter is genuinely informative,praise
truly phenomenal product,praise
just wanted to say solved my problem completely,praise
dropping a note to say remarkable experience,praise
delighted to say that awesome experience,praise
truly superb support,praise
dropping a note to say no waiting time at all,praise
happy to report that outstanding customer support,praise
wanted to take a moment to praise response was almost instant,praise
i wanted to let you know got an answer within minutes,praise
what a first-class support,praise
absolutely exceptional platform,praise
could you explain change my username,question
the email integration is extremely slow and unusable,complaint
how to set a new password,question
truly brilliant product,praise
absolutely exceptional product,praise
friendly good afternoon,greeting
is there a way to what happens after the trial ends,question
absolutely perfect resolution,praise
i cannot believe that your servers are down,complaint
what a wonderful team,praise
cannot use the file upload at all right now,complaint
already left a one star review because of this,complaint
i opened this ticket ten days ago with no reply,complaint
impeccable support,praise
i need help with reset password,question
i am having serious issues with the login page,complaint
fantastic resolution,praise
the two factor authentication is not loading properly,complaint
looking for help with upgrade my plan,question
truly brilliant resolution,praise
the reporting tool has been broken for days,complaint
writing in to compliment very helpful team,praise
the search feature is not loading properly,complaint
truly superb product,praise
losing work because autosave is broken,complaint
how do i configure spf and dkim,question
what a perfect team,praise
magnificent experience,praise
need some guidance on see my bill,question
i was wondering about login page is not loading,question
writing in to compliment lightning fast support,praise
fastest support i have ever experienced,praise
please help me understand change shipping address,question
the import function has been broken for days,complaint
really impressed by the level of professionalism,praise
how to set up direct debit,question
the interface is confusing and hard to use,complaint
quick question: how to update personal information,question
can you help me with included in the pro plan,question
truly excellent product,praise
could you explain return an item,question
truly perfect resolution,praise
wanted to give a shoutout for fantastic work,praise
pricing is very fair for the immense value provided,praise
i need help with cancel an order,question
cannot use the export feature at all right now,complaint
thrilled to share that agent was extremely helpful,praise
what a impressive service,praise
impressive service,praise
cannot help but mention that agent was extremely helpful,praise
good evening hey there,greeting
is there a way to cancel my subscription,question
just a sup,greeting
taking a moment to share that support was quick to respond,praise
how is it going hope you are well,greeting
absolutely remarkable experience,praise
for the third time now the app keeps crashing,complaint
how to get an api key,question
truly superb service,praise
what a exceptional experience,praise
truly incredible service,praise
cannot help but mention that great service,praise
happy to report that impressive platform,praise
looking for help with how does billing work,question
truly first-class resolution,praise
ciao today,greeting
how do i delete a template,question
wanted to take a moment to praise exceptional service,praise
the login page keeps crashing on me,complaint
hi to the customer care team,greeting
looking for help with forgot my password,question
how to add a payment method,question
good day to you,greeting
hi just wanted to connect,greeting
can you help me with add a payment method,question
i need help with see my bill,question
cannot help but mention that top notch quality,praise
i was wondering about how does billing work,question
hello good morning,greeting
how do i view form responses,question
absolutely perfect team,praise
i keep experiencing problems with the dashboard is loading too slowly,complaint
the download feature is extremely slow and unusable,complaint
i need help with the pricing,question
how to view account details,question
truly superb response,praise
delighted to say that incredible team,praise
truly extraordinary platform,praise
are you gdpr compliant,question
looking for help with what payment methods are accepted,question
the user management is extremely slow and unusable,complaint
compelled to share that outstanding customer support,praise
can you help me with report a missing item,question
this downtime is costing me real money,complaint
absolutely remarkable team,praise
i am being charged for a plan i cancelled,complaint
i have a question about see my bill,question
truly magnificent response,praise
hello there hope all is well,greeting
how do i add a description to a task,question
what a fantastic platform,praise
absolutely splendid response,praise
quick question: password reset not working,question
enthusiastic hello,greeting
truly brilliant platform,praise
i am really upset that service is completely broken,complaint
absolutely flawless response,praise
is there a way to get a refund,question
cannot use the email verification at all right now,complaint
welcome aboard hello,greeting
a quick heya,greeting
i am having serious issues with the api,complaint
greetings today,greeting
good morning sir,greeting
good morning friend,greeting
looking for help with cannot remember my password,question
will renew my subscription happily,praise
world-class platform,praise
what a excellent response,praise
afternoon sunshine,greeting
truly top-notch response,praise
writing in to compliment solved my problem completely,praise
need some guidance on apply a promo code,question
recommended to everyone in my team,praise
what a terrific resolution,praise
i was wondering about add a payment method,question
the account settings has been broken for days,complaint
morning again,greeting
need some guidance on sign in,question
there is a critical bug in the calendar integration,complaint
sup again,greeting
how do i bulk delete emails,question
the admin panel is extremely slow and unusable,complaint
hope you are well,greeting
what a world-class product,praise
namaste again,greeting
perfect support,praise
looking for help with return an item,question
changelog is detailed and very informative,praise
impressive team,praise
what a flawless support,praise
hey today,greeting
wanted to take a moment to praise great service,praise
i wanted to let you know solved my problem completely,praise
delighted to say that got an answer within minutes,praise
how to unlink my social account,question
for the third time now everything is down,complaint
i am having serious issues with the workflow engine,complaint
already tried all the basic troubleshooting steps,complaint
top-notch experience,praise
there is a critical bug in the dashboard,complaint
good morning again,greeting
stellar resolution,praise
cannot use the email integration at all right now,complaint
absolutely magnificent product,praise
truly amazing service,praise
i am really upset that the app is freezing constantly,complaint
what a impressive resolution,praise
impeccable experience,praise
how do i see click through rates,question
dropping a note to say brilliant product,praise
stellar experience,praise
how to turn off auto renewal,question
i was wondering about change my credit card,question
hey friends,greeting
wonderful platform,praise
very frustrated with this product,complaint
warmest good morning,greeting
how to downgrade my plan,question
i was wondering about track my shipment,question
looking for help with change email address,question
truly world-class resolution,praise
how do i resolve import errors,question
the account settings stopped working after the last update,complaint
the admin panel is giving me errors constantly,complaint
writing in to compliment response was almost instant,praise
i am deeply disappointed that getting a 404 error,complaint
cannot help but mention that super fast response time,praise
cannot use the payment system at all right now,complaint
truly great response,praise
just a good day,greeting
the app keeps crashing,complaint
where should i start as a new user,question
truly great experience,praise
the user management is completely broken,complaint
i have a question about how does billing work,question
cheerful hello,greeting
absolutely stellar experience,praise
the audit logs has been broken for days,complaint
just a evening,greeting
how do i appeal a suspended account,question
what a remarkable service,praise
the file upload keeps crashing on me,complaint
compelled to share that very helpful team,praise
how do i tag contacts,question
good afternoon dear,greeting
incredible platform,praise
extraordinary team,praise
the search feature is extremely slow and unusable,complaint
great service,praise
hello sunshine,greeting
incredible response,praise
very reliable platform,praise
switched from a competitor and the difference is night and day,praise
can you help me with recover my password,question
friendly good evening,greeting
trouble signing in,question
how do i remove a user from my account,question
appreciate all the effort put in,praise
can you help me with when will my order arrive,question
what a splendid support,praise
please help me understand reset password,question
hey advisor,greeting
cannot help but mention that superb platform,praise
i was wondering about view my invoice,question
how to set role based access,question
is there a way to switch plans,question
what a outstanding support,praise
reaching out specifically to say agent was extremely helpful,praise
the new update made things worse,complaint
what roles are available in the system,question
taking a moment to share that solved my problem completely,praise
i need help with downgrade my plan,question
i was wondering about change my password,question
absolutely remarkable service,praise
i need help with view account details,question
i need help with my order,question
a quick good evening,greeting
verification email never arrived,complaint
i am having serious issues with the reporting tool,complaint
resolved my issue instantly,praise
is there a way to remove a payment method,question
happy to report that top notch quality,praise
superb product,praise
hey genius,greeting
the download feature is giving me errors constantly,complaint
why is it that everything is down,complaint
taking a moment to share that fantastic work,praise
happy to report that brilliant product,praise
how are things everyone,greeting
what a impeccable support,praise
what a perfect platform,praise
need some guidance on how long is the free trial,question
wanted to take a moment to praise went above and beyond for me,praise
absolutely brilliant platform,praise
delighted to say that magnificent support,praise
glad to have reached support,greeting
phenomenal product,praise
absolutely incredible team,praise
thrilled to share that solved my problem completely,praise
the workflow engine is extremely slow and unusable,complaint
how do i set up deal stages,question
could you explain pause my subscription,question
thrilled to share that lightning fast support,praise
the dashboard is extremely slow and unusable,complaint
looking for help with set a new password,question
what a incredible experience,praise
the workflow engine keeps crashing on me,complaint
extraordinary platform,praise
how to reactivate my account,question
excellent team,praise
hey,greeting
even basic features are not working,complaint
how to update billing information,question
informal hello,greeting
good evening hope you had a good day,greeting
looking for help with my order,question
how to request a custom quote,question
how to find my documents,question
truly first-class experience,praise
hello star,greeting
bright hello,greeting
just a hello,greeting
where can i update my profile,question
is there a way to change my password,question
the product roadmap shows they really listen to users,praise
impeccable resolution,praise
hi once more,greeting
this is not what i signed up for,complaint
hey hero,greeting
absolutely flawless support,praise
quick question: how to get into my account,question
how do i invite teammates,question
wanted to give a shoutout for incredible team,praise
quick question: where can i update my profile,question
truly stellar product,praise
need some guidance on cancel an order,question
i cannot believe that the app keeps crashing,complaint
absolutely impressive experience,praise
need some guidance on edit my profile,question
need some guidance on login is not working,question
good day,greeting
the mobile app has been broken for days,complaint
i have a question about i cannot log in,question
just wanted to say outstanding customer support,praise
absolutely wonderful product,praise
sup everyone,greeting
can you help me with apply a promo code,question
looking for help with login,question
clients are complaining because of your issues,complaint
cannot use the notifications at all right now,complaint
could you explain set a new password,question
i was logged out unexpectedly,complaint
what a amazing service,praise
what a amazing experience,praise
could you explain change my credit card,question
how are things hope all is good,greeting
heya there,greeting
hey i am so glad to have found this platform,greeting
i need help with apply a promo code,question
i was wondering about change my username,question
please help me understand return an item,question
how do i add a formula to a column,question
the user management has been broken for days,complaint
truly perfect support,praise
can you help me with what happens after the trial ends,question
could you explain sign in,question
compelled to share that magnificent support,praise
can i restrict access by location,question
the workflow engine has been broken for days,complaint
please help me understand sign in,question
still experiencing the issue with the app keeps crashing,complaint
the notifications is giving me errors constantly,complaint
splendid platform,praise
i am frustrated because your service is down,complaint
can you help me with track my shipment,question
what is up,greeting
how do i set up ip allowlisting,question
just wanted to say went above and beyond for me,praise
the notifications stopped working after the last update,complaint
truly wonderful platform,praise
thrilled to share that no waiting time at all,praise
writing in to compliment resolved my issue instantly,praise
writing in to compliment resolved in record time,praise
what a terrific support,praise
hi hope your week is going smoothly,greeting
what a impeccable platform,praise
can you help me with need to reset my password,question
outstanding platform,praise
truly remarkable resolution,praise
is there a way to recover my password,question
truly stellar service,praise
the calendar integration stopped working after the last update,complaint
phenomenal platform,praise
taking a moment to share that very helpful team,praise
absolutely extraordinary resolution,praise
writing in to compliment top notch quality,praise
i am having serious issues with the two factor authentication,complaint
the steps in your guide do not match the actual app,complaint
can you help me with update my profile,question
good morning hope you slept well,greeting
what a amazing resolution,praise
how to deactivate my account,question
i wanted to let you know brilliant product,praise
need some guidance on do you offer a free trial,question
why is it that videos are buffering non stop,complaint
stellar team,praise
quick question: how to update my name,question
hi wizard,greeting
truly flawless team,praise
terrific resolution,praise
hello there hope you are doing great,greeting
can you help me with exchange a product,question
i have a question about change my credit card,question
product exceeded all my expectations,praise
how to export my data,question
really appreciate the support,praise
where is the help center,question
good afternoon champion,greeting
warmest ciao,greeting
superb response,praise
absolutely top-notch experience,praise
i am really upset that the website is not loading,complaint
returning to say hi,greeting
quick question: how does billing work,question
you removed a feature i rely on daily without warning,complaint
great user experience design,praise
it is unacceptable that the site is lagging badly,complaint
how do i connect my email to the platform,question
what a phenomenal support,praise
good afternoon agent,greeting
how to report a missing item,question
good morning advisor,greeting
absolutely world-class response,praise
hi mate,greeting
what a fantastic experience,praise
happy to report that resolved my issue instantly,praise
had to reach out and say no waiting time at all,praise
compelled to share that got an answer within minutes,praise
how to change security settings,question
first-class platform,praise
can i add a secondary email to my account,question
what a stellar team,praise
great team,praise
the app is getting worse not better,complaint
this tool has truly transformed how our team works,praise
please help me understand change profile picture,question
my issue was closed without being resolved,complaint
how do i add notes to a contact,question
hi trust you are well,greeting
can you help me with view account details,question
user driven development is clearly the philosophy here,praise
fantastic platform,praise
need some guidance on how does billing work,question
need some guidance on the pricing,question
flawless product,praise
absolutely wonderful platform,praise
can you help me with check delivery status,question
greetings friend,greeting
why is it that the app is unavailable,complaint
ciao friend,greeting
need some guidance on login,question
once again having trouble with the site is lagging badly,complaint
there is a critical bug in the file upload,complaint
how do i set field level permissions,question
a very good morning to you,greeting
writing in to compliment brilliant product,praise
had to reach out and say support was quick to respond,praise
please help me understand get into my account,question
i am so frustrated with your service,complaint
still experiencing the issue with i cannot access the platform,complaint
hi good evening,greeting
truly perfect product,praise
the audit logs keeps crashing on me,complaint
cannot use the role permissions at all right now,complaint
absolutely magnificent experience,praise
dashboard is crashing constantly,complaint
absolutely splendid experience,praise
the file upload is extremely slow and unusable,complaint
hello manager,greeting
terrific response,praise
good evening again,greeting
the latest update fixed everything i reported,praise
can i create custom tags,question
good evening today,greeting
i cannot believe that the app is freezing constantly,complaint
the search is not returning results,complaint
hello there nice to meet you today,greeting
wanted to take a moment to praise superb platform,praise
it is unacceptable that the system is not responding,complaint
need some guidance on switch plans,question
happy to report that incredible team,praise
cannot help but mention that outstanding customer support,praise
there is a critical bug in the login page,complaint
how is it going this morning,greeting
is there a way to add a payment method,question
the user management keeps crashing on me,complaint
how do i suggest a new feature,question
happy to report that lightning fast support,praise
looking for help with download my invoice,question
wanted to take a moment to praise fastest support i have ever experienced,praise
truly wonderful team,praise
could you explain change shipping address,question
absolutely terrific resolution,praise
delighted to say that support was quick to respond,praise
deeply thankful for the assistance,praise
the mobile app stopped working after the last update,complaint
it is unacceptable that getting a 500 error,complaint
truly great product,praise
quick question: how to set a new password,question
how do i share a view with my team,question
i have a question about view my invoice,question
reaching out specifically to say support was quick to respond,praise
need some guidance on having trouble logging in,question
howdy friend,greeting
what a great experience,praise
reaching out specifically to say response was almost instant,praise
hi first time reaching out,greeting
how to configure my account,question
hello good afternoon,greeting
what a fantastic response,praise
for the third time now the site is lagging badly,complaint
absolutely stellar service,praise
friendly heya,greeting
incredible experience,praise
taking a moment to share that exceptional service,praise
happy to report that fastest support i have ever experienced,praise
wanted to give a shoutout for magnificent support,praise
is there a way to i cannot log in,question
how is it going today,greeting
namaste from india,greeting
the payment system has been broken for days,complaint
hello operator,greeting
how do i create a sales report,question
taking a moment to share that no waiting time at all,praise
i have a question about how can i change my password,question
what a excellent experience,praise
i was wondering about having trouble logging in,question
please help me understand when will i be billed,question
first-class response,praise
hi reaching out to say hello,greeting
need some guidance on when will i be billed,question
the two factor authentication stopped working after the last update,complaint
just wanted to say got an answer within minutes,praise
how to cancel an order,question
looking for help with change my password,question
how much does it cost,question
absolutely fantastic response,praise
hi just wanted to check in,greeting
just wanted to say brilliant product,praise
the download feature keeps crashing on me,complaint
truly brilliant team,praise
extraordinary resolution,praise
hey good morning,greeting
new onboarding flow is much clearer to follow,praise
brilliant response,praise
very disappointed in your product,complaint
impeccable response,praise
a quick howdy,greeting
the onboarding flow is completely broken,complaint
writing in to compliment superb platform,praise
cannot use the download feature at all right now,complaint
truly world-class product,praise
is there a way to check delivery status,question
truly amazing support,praise
i cannot believe that i cannot access the platform,complaint
the sync feature is completely broken,complaint
need some guidance on upgrade my plan,question
taking a moment to share that went above and beyond for me,praise
can see real effort put into the improvements,praise
cannot use the admin panel at all right now,complaint
what a perfect product,praise
cannot verify my email,complaint
cannot use the api at all right now,complaint
a quick good morning,greeting
can you help me with change my username,question
hello service team,greeting
absolutely phenomenal product,praise
good afternoon hello there,greeting
absolutely wonderful resolution,praise
i am having serious issues with the search feature,complaint
i am angry because the dashboard is loading too slowly,complaint
thought i would say hello,greeting
absolutely stellar platform,praise
hey customer service,greeting
i am having serious issues with the dashboard,complaint
there is a critical bug in the audit logs,complaint
i am deeply disappointed that file upload is extremely slow,complaint
could you explain how long is the free trial,question
hey glad to be here,greeting
just wanted to say resolved my issue instantly,praise
how do i track time spent on a task,question
need some guidance on update personal information,question
quick question: how to upgrade my plan,question
namaste there,greeting
the role permissions is giving me errors constantly,complaint
sharing this with my entire professional network,praise
still experiencing the issue with the dashboard is loading too slowly,complaint
absolutely world-class platform,praise
amazing experience,praise
how to change my username,question
hellooo,greeting
truly extraordinary team,praise
how is it going friend,greeting
just discovered this platform and wanted to say hi,greeting
wanted to take a moment to praise agent was extremely helpful,praise
is there a way to when will my order arrive,question
is there a way to how long is the free trial,question
how to change shipping address,question
got an answer within minutes,praise
is there a way to upgrade my plan,question
what a top-notch resolution,praise
writing in to compliment exceptional service,praise
need some guidance on when will my order arrive,question
truly superb resolution,praise
absolutely incredible support,praise
the account settings is completely broken,complaint
wanted to take a moment to praise immediate help was provided,praise
the api is giving me errors constantly,complaint
what a wonderful experience,praise
logical and well designed,praise
friendly howdy,greeting
the notifications is completely broken,complaint
when does my subscription renew,question
warmest namaste,greeting
thrilled to be chatting today,greeting
once again having trouble with the system is not responding,complaint
what a phenomenal resolution,praise
writing in to compliment agent was extremely helpful,praise
had to reach out and say amazing product,praise
i am having serious issues with the email integration,complaint
looking for help with reset password,question
a quick hola,greeting
morning sunshine,greeting
hello hope your month is going well,greeting
the export feature has been broken for days,complaint
i am really upset that pages are taking forever to load,complaint
truly flawless response,praise
friendly yo,greeting
i wish i had found this platform sooner,praise
i need help with track my shipment,question
i need help with when will i be billed,question
hi champion,greeting
i have a question about login page is not loading,question
i was wondering about my order,question
need some guidance on reset password,question
has saved my team many hours every single week,praise
how do i assign emails to team members,question
how does the search work,question
hello team,greeting
still experiencing the issue with it keeps timing out,complaint
i wanted to let you know great service,praise
what a wonderful service,praise
cannot use the mobile app at all right now,complaint
hi,greeting
had to reach out and say very knowledgeable staff,praise
could you explain view my invoice,question
absolutely stellar team,praise
need some guidance on exchange a product,question
happy to report that response was almost instant,praise
i have explained my problem five times already,complaint
hey folks,greeting
good morning and welcome,greeting
hope all is well,greeting
heyyyy,greeting
greetings friend,greeting
is there a way to view account details,question
where is the profile page,question
absolutely superb resolution,praise
is there a way to change my credit card,question
professional hello,greeting
i am really upset that the site is lagging badly,complaint
absolutely top-notch response,praise
truly amazing response,praise
how do i sync across devices,question
absolutely wonderful experience,praise
i have a question about what is the pricing,question
yo there,greeting
i am really upset that videos are buffering non stop,complaint
basic hello,greeting
the report export fails,complaint
greetings,greeting
hey madam,greeting
is there a way to having trouble logging in,question
just wanted to say lightning fast support,praise
videos are buffering non stop,complaint
the data export has been broken for days,complaint
how do i style the form,question
happy to report that very knowledgeable staff,praise
hi rockstar,greeting
still experiencing the issue with getting a 500 error,complaint
can you help me with the profile page,question
i was overcharged,complaint
hey sunshine,greeting
hello from a returning customer,greeting
for the third time now file upload is extremely slow,complaint
quick question: how can i change my password,question
absolutely terrific response,praise
absolutely great service,praise
i cannot believe that your service is down,complaint
thrilled to share that great service,praise
reaching out specifically to say awesome experience,praise
just wanted to say superb platform,praise
need some guidance on update my name,question
i was wondering about change shipping address,question
i have a question about forgot my password,question
could you explain forgot my password,question
what a remarkable product,praise
could you explain i cannot log in,question
how do i manage multiple inboxes,question
do you offer student discounts,question
how do i set my language preference,question
i am switching to a competitor,complaint
please help me understand update personal information,question
howdy today,greeting
please help me understand having trouble logging in,question
no one is responding to my ticket,complaint
why is it that the dashboard is loading too slowly,complaint
the payment system is giving me errors constantly,complaint
what a great service,praise
good morning once again,greeting
how do i set a due date for a task,question
i am deeply disappointed that everything is down,complaint
absolutely world-class experience,praise
truly perfect platform,praise
had to reach out and say solved my problem completely,praise
will definitely continue using this platform,praise
there is a critical bug in the admin panel,complaint
what a splendid platform,praise
absolutely incredible service,praise
absolutely incredible resolution,praise
the dashboard stopped working after the last update,complaint
what a great resolution,praise
website is broken and unusable,complaint
five stars all the way from me,praise
i have a question about sign in,question
the export feature is not loading properly,complaint
what a exceptional service,praise
what a magnificent response,praise
how to collaborate in real time,question
what a world-class resolution,praise
i have been waiting days for a reply,complaint
delighted to say that remarkable experience,praise
nice to be in touch with you today,greeting
impeccable team,praise
quick question: how can i login,question
api is well documented and a pleasure to work with,praise
giving this a perfect rating without hesitation,praise
absolutely magnificent support,praise
data was corrupted after the update,complaint
absolutely outstanding support,praise
good morning support,greeting
a quick good day,greeting
how to install the application,question
truly world-class response,praise
it is unacceptable that the app is freezing constantly,complaint
the email verification keeps crashing on me,complaint
your team is a lifesaver,praise
still experiencing the issue with getting a 404 error,complaint
cannot help but mention that impressive platform,praise
absolutely superb response,praise
good morning everyone,greeting
i wanted to let you know very helpful team,praise
the email integration is giving me errors constantly,complaint
dropping a note to say solved my problem completely,praise
patient and thorough agent,praise
happy to report that magnificent support,praise
greetings and welcome,greeting
can i use this on multiple devices,question
wanted to give a shoutout for resolved in record time,praise
love reading the monthly update emails,praise
i keep experiencing problems with videos are buffering non stop,complaint
bonjour friend,greeting
good morning mate,greeting
friendly ciao,greeting
cannot help but mention that very knowledgeable staff,praise
please help me understand downgrade my plan,question
absolutely great team,praise
need some guidance on how much does it cost,question
i cannot log in,question
the reporting tool stopped working after the last update,complaint
what a first-class response,praise
hola there,greeting
need some guidance on get a refund,question
where is my order,question
i am having serious issues with the onboarding flow,complaint
the billing page is giving me errors constantly,complaint
need some guidance on view my invoice,question
need some guidance on download my invoice,question
impressive support,praise
too many steps to do simple things,complaint
absolutely extraordinary team,praise
five star experience from start to finish,praise
does the mobile app have all features,question
friendly morning,greeting
what a great platform,praise
absolutely impeccable resolution,praise
for the third time now the app is freezing constantly,complaint
hello just checking in with you,greeting
the role permissions is extremely slow and unusable,complaint
absolutely extraordinary platform,praise
compelled to share that lightning fast support,praise
how do i set up a workflow,question
what a amazing response,praise
i wanted to let you know excellent support,praise
quick question: do you offer a free trial,question
i keep experiencing problems with getting a 404 error,complaint
i cannot believe that service is completely broken,complaint
what a magnificent product,praise
truly splendid response,praise
truly amazing resolution,praise
what a great team,praise
outstanding customer support,praise
can i embed a form on my website,question
i need help with exchange a product,question
friendly hiya,greeting
truly splendid experience,praise
the search feature has been broken for days,complaint
quick question: having trouble logging in,question
what a stellar resolution,praise
what a stellar service,praise
hey there hope everything is fine,greeting
the workflow engine stopped working after the last update,complaint
had to reach out and say exceptional service,praise
i cannot believe how bad your service has gotten,complaint
just a good evening,greeting
absolutely world-class product,praise
how do i whitelist an ip address,question
could you explain when will my order arrive,question
truly outstanding platform,praise
what a exceptional response,praise
first-class team,praise
once again having trouble with the app keeps crashing,complaint
the system is not responding,complaint
can you help me with how much does it cost,question
warmest morning,greeting
what a outstanding service,praise
quick question: how to update my password,question
what a remarkable team,praise
please help me understand download my invoice,question
hey support,greeting
just a afternoon,greeting
the login page is not loading properly,complaint
looking for help with how long is the free trial,question
the billing page is not loading properly,complaint
promo code was not applied correctly,complaint
good afternoon support,greeting
i am really upset that getting a 500 error,complaint
the file upload is completely broken,complaint
reaching out specifically to say very helpful team,praise
happy to report that super fast response time,praise
